invoice_id,dtme,tme,payment_method,cogs,gross_margin_pct,gross_income,rating,time_of_day,day_name,month_name
750-67-8428,2019-01-05 0:00:00,13:08:00,Ewallet,522.83,4.7619,26.1415,9.1,afternoon,Saturday,January
226-31-3081,2019-03-08 0:00:00,10:29:00,Cash,76.4,4.7619,3.82,9.6,morning,Friday,March
631-41-3108,2019-03-03 0:00:00,13:23:00,Credit card,324.31,4.7619,16.2155,7.4,afternoon,Sunday,March
123-19-1176,2019-01-27 0:00:00,20:33:00,Ewallet,465.76,4.7619,23.288,8.4,evening,Sunday,January
373-73-7910,2019-02-08 0:00:00,10:37:00,Ewallet,604.17,4.7619,30.2085,5.3,morning,Friday,February
699-14-3026,2019-03-25 0:00:00,18:30:00,Ewallet,597.73,4.7619,29.8865,4.1,evening,Monday,March
355-53-5943,2019-02-25 0:00:00,14:36:00,Ewallet,413.04,4.7619,20.652,5.8,afternoon,Monday,February
315-22-5665,2019-02-24 0:00:00,11:38:00,Ewallet,735.6,4.7619,36.78,8,morning,Sunday,February
665-32-9167,2019-01-10 0:00:00,17:15:00,Credit card,72.52,4.7619,3.626,g,evening,Thursday,January
692-92-5582,2019-02-20 0:00:00,13:27:00,Credit card,164.52,4.7619,8.226,5.9,afternoon,Wednesday,February
351-62-0822,2019-02-06 0:00:00,18:07:00,Ewallet,57.92,4.7619,2.896,4.5,evening,Wednesday,February
529-56-3974,2019-03-09 0:00:00,17:03:00,Cash,102.04,4.7619,5.102,6.8,evening,Saturday,March
365-64-0515,2019-02-12 0:00:00,10:25:00,Ewallet,234.75,4.7619,11.7375,7.1,morning,Tuesday,February
252-56-2699,2019-02-07 0:00:00,16:48:00,Ewallet,431.9,4.7619,21.595,8.2,evening,Thursday,February
829-34-3910,2019-03-29 0:00:00,19:21:00,Cash,713.8,4.7619,35.69,5.7,evening,Friday,March
299-46-1805,2019-01-15 0:00:00,16:19:00,Cash,562.32,4.7619,28.116,4.5,evening,Tuesday,January
656-95-9349,2019-03-11 0:00:00,11:03:00,Credit card,482.51,4.7619,24.1255,4.6,morning,Monday,March
765-26-6951,2019-01-01 0:00:00,10:39:00,Credit card,435.66,4.7619,21.783,6.9,morning,Tuesday,January
329-62-1586,2019-01-21 0:00:00,18:00:00,Credit card,164.01,4.7619,8.2005,8.6,evening,Monday,January
319-50-3348,2019-03-11 0:00:00,15:30:00,Ewallet,80.6,4.7619,4.03,4.4,afternoon,Monday,March
300-71-4605,2019-02-25 0:00:00,11:24:00,Ewallet,430.2,4.7619,21.51,4.8,morning,Monday,February
371-85-5789,2019-03-05 0:00:00,10:40:00,Ewallet,263.94,4.7619,13.197,5.1,morning,Tuesday,March
273-16-6619,2019-03-15 0:00:00,12:20:00,Credit card,66.4,4.7619,3.32,4.4,afternoon,Friday,March
636-48-8204,2019-02-17 0:00:00,11:15:00,Ewallet,172.8,4.7619,8.64,9.9,morning,Sunday,February
549-59-1358,2019-03-02 0:00:00,17:36:00,Ewallet,265.89,4.7619,13.2945,6,evening,Saturday,March
227-03-5010,2019-03-22 0:00:00,19:20:00,Credit card,420.72,4.7619,21.036,8.5,evening,Friday,March
649-29-6775,2019-02-08 0:00:00,15:31:00,Cash,33.52,4.7619,1.676,6.7,afternoon,Friday,February
189-17-4241,2019-03-10 0:00:00,12:17:00,Credit card,175.34,4.7619,8.767,7.7,afternoon,Sunday,March
145-94-9061,2019-01-25 0:00:00,19:48:00,Cash,441.8,4.7619,22.09,9.6,evening,Friday,January
848-62-7243,2019-03-15 0:00:00,15:36:00,Cash,224.01,4.7619,11.2005,7.4,afternoon,Friday,March
871-79-8483,2019-02-25 0:00:00,19:39:00,Credit card,470.65,4.7619,23.5325,4.8,evening,Monday,February
149-71-6266,2019-01-28 0:00:00,12:43:00,Cash,702.63,4.7619,35.1315,4.5,afternoon,Monday,January
640-49-2076,2019-01-10 0:00:00,14:49:00,Cash,670.24,4.7619,33.512,5.1,afternoon,Thursday,January
595-11-5460,2019-03-15 0:00:00,10:12:00,Credit card,193.16,4.7619,9.658,5.1,morning,Friday,March
183-56-6882,2019-02-06 0:00:00,10:42:00,Ewallet,397.68,4.7619,19.884,7.5,morning,Wednesday,February
232-16-2483,2019-01-07 0:00:00,12:28:00,Ewallet,68.12,4.7619,3.406,6.8,afternoon,Monday,January
129-29-8530,2019-03-10 0:00:00,19:15:00,Ewallet,313.1,4.7619,15.655,7,evening,Sunday,March
272-65-1806,2019-01-15 0:00:00,17:17:00,Ewallet,547.92,4.7619,27.396,4.7,evening,Tuesday,January
333-73-7901,2019-03-23 0:00:00,13:24:00,Ewallet,439.36,4.7619,21.968,7.6,afternoon,Saturday,March
777-82-7220,2019-03-03 0:00:00,13:01:00,Cash,240.96,4.7619,12.048,7.7,afternoon,Sunday,March
280-35-5823,2019-01-17 0:00:00,18:45:00,Ewallet,86.72,4.7619,4.336,7.9,evening,Thursday,January
554-53-8700,2019-02-02 0:00:00,10:11:00,Cash,112.22,4.7619,5.611,6.3,morning,Saturday,February
354-25-5821,2019-02-08 0:00:00,13:03:00,Cash,414.72,4.7619,20.736,5.6,afternoon,Friday,February
228-96-1411,2019-03-04 0:00:00,20:39:00,Cash,789.6,4.7619,39.48,7.6,evening,Monday,March
617-15-4209,2019-03-16 0:00:00,19:47:00,Cash,30.74,4.7619,1.537,7.2,evening,Saturday,March
132-32-9879,2019-03-09 0:00:00,18:00:00,Cash,375.84,4.7619,18.792,9.5,evening,Saturday,March
370-41-7321,2019-02-27 0:00:00,17:24:00,Credit card,510.21,4.7619,25.5105,8.4,evening,Wednesday,February
727-46-3608,2019-02-06 0:00:00,15:47:00,Ewallet,180.09,4.7619,9.0045,4.1,afternoon,Wednesday,February
669-54-1719,2019-02-10 0:00:00,12:45:00,Credit card,113.58,4.7619,5.679,8.1,afternoon,Sunday,February
574-22-5561,2019-03-19 0:00:00,17:08:00,Ewallet,826.3,4.7619,41.315,7.9,evening,Tuesday,March
326-78-5178,2019-02-03 0:00:00,10:19:00,Cash,639.8,4.7619,31.99,9.5,morning,Sunday,February
162-48-8011,2019-02-10 0:00:00,15:10:00,Cash,222.95,4.7619,11.1475,8.5,afternoon,Sunday,February
616-24-2851,2019-03-22 0:00:00,14:42:00,Ewallet,71.48,4.7619,3.574,6.5,afternoon,Friday,March
778-71-5554,2019-01-25 0:00:00,15:46:00,Credit card,15.43,4.7619,0.7715,6.1,afternoon,Friday,January
242-55-6721,2019-03-07 0:00:00,11:49:00,Ewallet,32.32,4.7619,1.616,6.5,morning,Thursday,March
399-46-5918,2019-02-28 0:00:00,19:01:00,Cash,687.84,4.7619,34.392,8.2,evening,Thursday,February
106-35-6779,2019-03-27 0:00:00,11:26:00,Cash,88.68,4.7619,4.434,5.8,morning,Wednesday,March
635-40-6220,2019-02-07 0:00:00,11:28:00,Ewallet,716.8,4.7619,35.84,6.6,morning,Thursday,February
817-48-8732,2019-01-20 0:00:00,15:55:00,Cash,723.5,4.7619,36.175,5.4,afternoon,Sunday,January
120-06-4233,2019-03-12 0:00:00,20:36:00,Cash,183.66,4.7619,9.183,9.3,evening,Tuesday,March
285-68-5083,2019-02-15 0:00:00,17:47:00,Credit card,74.22,4.7619,3.711,10,evening,Friday,February
803-83-5989,2019-02-24 0:00:00,10:55:00,Ewallet,334.38,4.7619,16.719,7,morning,Sunday,February
347-34-2234,2019-02-03 0:00:00,13:40:00,Ewallet,495.63,4.7619,24.7815,10,afternoon,Sunday,February
199-75-8169,2019-03-06 0:00:00,12:27:00,Credit card,158.1,4.7619,7.905,8.6,afternoon,Wednesday,March
853-23-2453,2019-02-14 0:00:00,14:35:00,Cash,302.96,4.7619,15.148,7.6,afternoon,Thursday,February
877-22-3308,2019-03-13 0:00:00,16:40:00,Cash,158.7,4.7619,7.935,5.8,evening,Wednesday,March
838-78-4295,2019-02-10 0:00:00,15:43:00,Ewallet,66.94,4.7619,3.347,6.7,afternoon,Sunday,February
109-28-2512,2019-01-07 0:00:00,15:01:00,Ewallet,585.66,4.7619,29.283,9.9,afternoon,Monday,January
232-11-3025,2019-01-24 0:00:00,10:04:00,Cash,787.7,4.7619,39.385,6.4,morning,Thursday,January
382-03-4532,2019-02-02 0:00:00,18:50:00,Cash,18.33,4.7619,0.9165,4.3,evening,Saturday,February
393-65-2792,2019-01-06 0:00:00,12:46:00,Credit card,894.8,4.7619,44.74,9.6,afternoon,Sunday,January
796-12-2025,2019-02-11 0:00:00,16:19:00,Cash,621.2,4.7619,31.06,5.9,evening,Monday,February
510-95-6347,2019-03-05 0:00:00,18:17:00,Ewallet,145.56,4.7619,7.278,4,evening,Tuesday,March
841-35-6630,2019-03-09 0:00:00,18:21:00,Cash,455.46,4.7619,22.773,8.7,evening,Saturday,March
287-21-9091,2019-01-22 0:00:00,10:55:00,Ewallet,672.03,4.7619,33.6015,9.4,morning,Tuesday,January
732-94-0499,2019-01-13 0:00:00,17:04:00,Credit card,416.5,4.7619,20.825,5.4,evening,Sunday,January
263-10-3913,2019-01-09 0:00:00,14:20:00,Credit card,441.36,4.7619,22.068,8.6,afternoon,Wednesday,January
381-20-0914,2019-01-12 0:00:00,15:48:00,Credit card,180.09,4.7619,9.0045,5.7,afternoon,Saturday,January
829-49-1914,2019-03-05 0:00:00,16:24:00,Ewallet,783.1,4.7619,39.155,6.6,evening,Tuesday,March
756-01-7507,2019-01-22 0:00:00,18:56:00,Cash,101.9,4.7619,5.095,6,evening,Tuesday,January
870-72-4431,2019-01-21 0:00:00,14:42:00,Credit card,595.14,4.7619,29.757,5.5,afternoon,Monday,January
847-38-7188,2019-01-26 0:00:00,19:56:00,Ewallet,290.04,4.7619,14.502,6.4,evening,Saturday,January
480-63-2856,2019-01-23 0:00:00,18:37:00,Ewallet,154,4.7619,7.7,6.6,evening,Wednesday,January
787-56-0757,2019-02-23 0:00:00,18:45:00,Credit card,321.44,4.7619,16.072,8.3,evening,Saturday,February
360-39-5055,2019-03-09 0:00:00,10:17:00,Cash,244.55,4.7619,12.2275,6.6,morning,Saturday,March
730-50-9884,2019-03-05 0:00:00,14:31:00,Ewallet,581.42,4.7619,29.071,4,afternoon,Tuesday,March
362-58-8315,2019-03-25 0:00:00,10:23:00,Cash,382.6,4.7619,19.13,9.9,morning,Monday,March
633-44-8566,2019-03-27 0:00:00,20:35:00,Credit card,345.66,4.7619,17.283,7.3,evening,Wednesday,March
504-35-8843,2019-01-02 0:00:00,16:57:00,Cash,42.47,4.7619,2.1235,5.7,evening,Wednesday,January
318-68-5053,2019-02-27 0:00:00,17:55:00,Cash,461.94,4.7619,23.097,6.1,evening,Wednesday,February
565-80-5980,2019-01-23 0:00:00,10:25:00,Cash,189.52,4.7619,9.476,7.1,morning,Wednesday,January
225-32-0908,2019-01-26 0:00:00,19:54:00,Ewallet,448.6,4.7619,22.43,8.2,evening,Saturday,January
873-51-0671,2019-01-10 0:00:00,16:42:00,Ewallet,153.86,4.7619,7.693,5.1,evening,Thursday,January
152-08-9985,2019-03-12 0:00:00,12:09:00,Credit card,579.24,4.7619,28.962,8.6,afternoon,Tuesday,March
512-91-0811,2019-02-06 0:00:00,20:05:00,Credit card,89.75,4.7619,4.4875,6.6,evening,Wednesday,February
594-34-4444,2019-03-08 0:00:00,20:38:00,Ewallet,97.16,4.7619,4.858,7.2,evening,Friday,March
766-85-7061,2019-03-29 0:00:00,10:25:00,Ewallet,878.7,4.7619,43.935,5.1,morning,Friday,March
871-39-9221,2019-02-09 0:00:00,13:11:00,Cash,74.7,4.7619,3.735,4.1,afternoon,Saturday,February
865-92-6136,2019-03-23 0:00:00,10:16:00,Ewallet,158.25,4.7619,7.9125,9.3,morning,Saturday,March
733-01-9107,2019-03-05 0:00:00,18:14:00,Cash,496.2,4.7619,24.81,7.4,evening,Tuesday,March
163-56-7055,2019-03-26 0:00:00,19:20:00,Cash,48.71,4.7619,2.4355,4.1,evening,Tuesday,March
189-98-2939,2019-03-01 0:00:00,13:22:00,Cash,706.95,4.7619,35.3475,7.2,afternoon,Friday,March
551-21-3069,2019-02-01 0:00:00,11:27:00,Cash,207.63,4.7619,10.3815,4.9,morning,Friday,February
212-62-1842,2019-03-28 0:00:00,16:44:00,Cash,349.56,4.7619,17.478,9.9,evening,Thursday,March
716-39-1409,2019-03-19 0:00:00,18:19:00,Cash,212.45,4.7619,10.6225,8,evening,Tuesday,March
704-48-3927,2019-01-12 0:00:00,14:50:00,Ewallet,886.7,4.7619,44.335,7.3,afternoon,Saturday,January
628-34-3388,2019-01-05 0:00:00,20:54:00,Credit card,164.28,4.7619,8.214,7.9,evening,Saturday,January
630-74-5166,2019-03-22 0:00:00,20:19:00,Cash,372.78,4.7619,18.639,7.4,evening,Friday,March
588-01-7461,2019-03-24 0:00:00,10:43:00,Cash,305.82,4.7619,15.291,4.2,morning,Sunday,March
861-77-0145,2019-03-03 0:00:00,14:30:00,Cash,819.7,4.7619,40.985,9.2,afternoon,Sunday,March
479-26-8945,2019-02-05 0:00:00,11:32:00,Ewallet,32.98,4.7619,1.649,4.6,morning,Tuesday,February
210-67-5886,2019-02-05 0:00:00,10:41:00,Credit card,294.63,4.7619,14.7315,7.8,morning,Tuesday,February
227-78-1148,2019-02-15 0:00:00,12:44:00,Cash,509.88,4.7619,25.494,8.4,afternoon,Friday,February
645-44-1170,2019-01-19 0:00:00,20:07:00,Ewallet,522.63,4.7619,26.1315,4.3,evening,Saturday,January
237-01-6122,2019-02-01 0:00:00,20:31:00,Credit card,727.11,4.7619,36.3555,9.5,evening,Friday,February
225-98-1496,2019-03-02 0:00:00,13:01:00,Credit card,81.06,4.7619,4.053,7.1,afternoon,Saturday,March
291-32-1427,2019-03-05 0:00:00,12:29:00,Ewallet,109.7,4.7619,5.485,5.3,afternoon,Tuesday,March
659-65-8956,2019-01-16 0:00:00,15:26:00,Ewallet,51.36,4.7619,2.568,5.2,afternoon,Wednesday,January
642-32-2990,2019-02-02 0:00:00,20:48:00,Ewallet,109.6,4.7619,5.48,6,evening,Saturday,February
378-24-2715,2019-01-20 0:00:00,20:38:00,Ewallet,106.88,4.7619,5.344,4.1,evening,Sunday,January
638-60-7125,2019-02-14 0:00:00,17:03:00,Credit card,796.48,4.7619,39.824,5.2,evening,Thursday,February
659-36-1684,2019-01-12 0:00:00,12:02:00,Credit card,399.84,4.7619,19.992,6.5,afternoon,Saturday,January
219-22-9386,2019-03-09 0:00:00,17:26:00,Credit card,899.64,4.7619,44.982,4.2,evening,Saturday,March
336-78-2147,2019-03-13 0:00:00,19:52:00,Credit card,511.28,4.7619,25.564,4.6,evening,Wednesday,March
268-27-6179,2019-03-09 0:00:00,14:57:00,Ewallet,451.76,4.7619,22.588,7.3,afternoon,Saturday,March
668-90-8900,2019-03-10 0:00:00,18:44:00,Credit card,655.83,4.7619,32.7915,4.5,evening,Sunday,March
870-54-3162,2019-01-27 0:00:00,13:26:00,Cash,161.25,4.7619,8.0625,9,afternoon,Sunday,January
189-08-9157,2019-01-08 0:00:00,16:17:00,Credit card,285.57,4.7619,14.2785,5.9,evening,Tuesday,January
663-86-9076,2019-01-08 0:00:00,15:57:00,Ewallet,548.32,4.7619,27.416,8.5,afternoon,Tuesday,January
549-84-7482,2019-02-08 0:00:00,11:15:00,Ewallet,812.52,4.7619,40.626,7.2,morning,Friday,February
191-10-6171,2019-01-25 0:00:00,13:18:00,Cash,277.34,4.7619,13.867,7.5,afternoon,Friday,January
802-70-5316,2019-03-06 0:00:00,20:34:00,Cash,552.78,4.7619,27.639,8.3,evening,Wednesday,March
695-51-0018,2019-02-10 0:00:00,18:36:00,Cash,139.36,4.7619,6.968,7.4,evening,Sunday,February
590-83-4591,2019-02-17 0:00:00,14:40:00,Credit card,524.7,4.7619,26.235,8.8,afternoon,Sunday,February
483-71-1164,2019-03-08 0:00:00,16:43:00,Ewallet,487.8,4.7619,24.39,5.3,evening,Friday,March
597-78-7908,2019-02-18 0:00:00,19:39:00,Cash,270.66,4.7619,13.533,6.2,evening,Monday,February
700-81-1757,2019-01-18 0:00:00,20:59:00,Credit card,131.55,4.7619,6.5775,8.8,evening,Friday,January
354-39-5160,2019-02-18 0:00:00,15:39:00,Cash,206.52,4.7619,10.326,9.8,afternoon,Monday,February
241-72-9525,2019-02-16 0:00:00,12:21:00,Cash,519.1,4.7619,25.955,8.2,afternoon,Saturday,February
575-30-8091,2019-03-16 0:00:00,19:25:00,Ewallet,580,4.7619,29,9.2,evening,Saturday,March
731-81-9469,2019-01-23 0:00:00,13:00:00,Credit card,898,4.7619,44.9,5.4,afternoon,Wednesday,January
280-17-4359,2019-01-25 0:00:00,13:48:00,Cash,905,4.7619,45.25,8.1,afternoon,Friday,January
338-65-2210,2019-02-05 0:00:00,19:57:00,Cash,686,4.7619,34.3,9.1,evening,Tuesday,February
488-25-4221,2019-02-22 0:00:00,10:36:00,Credit card,30.41,4.7619,1.5205,8.4,morning,Friday,February
239-10-7476,2019-01-21 0:00:00,16:37:00,Ewallet,467.7,4.7619,23.385,8,evening,Monday,January
458-41-1477,2019-03-08 0:00:00,17:11:00,Credit card,277.56,4.7619,13.878,9.5,evening,Friday,March
685-64-1609,2019-02-10 0:00:00,12:28:00,Ewallet,301.4,4.7619,15.07,9.2,afternoon,Sunday,February
568-90-5112,2019-03-19 0:00:00,12:46:00,Credit card,264.56,4.7619,13.228,5.6,afternoon,Tuesday,March
262-47-2794,2019-03-06 0:00:00,15:07:00,Credit card,574.88,4.7619,28.744,6.2,afternoon,Wednesday,March
238-49-0436,2019-03-27 0:00:00,13:48:00,Credit card,259.68,4.7619,12.984,4.9,afternoon,Wednesday,March
608-96-3517,2019-03-23 0:00:00,19:20:00,Credit card,366.16,4.7619,18.308,4.8,evening,Saturday,March
584-86-7256,2019-03-11 0:00:00,16:07:00,Credit card,241.92,4.7619,12.096,7.3,evening,Monday,March
746-94-0204,2019-01-29 0:00:00,11:56:00,Credit card,749.16,4.7619,37.458,7.4,morning,Tuesday,January
214-17-6927,2019-02-07 0:00:00,18:23:00,Ewallet,98.88,4.7619,4.944,9.9,evening,Thursday,February
400-89-4171,2019-01-28 0:00:00,13:05:00,Cash,647.76,4.7619,32.388,9.3,afternoon,Monday,January
782-95-9291,2019-02-20 0:00:00,15:55:00,Credit card,461.45,4.7619,23.0725,9,afternoon,Wednesday,February
279-74-2924,2019-01-04 0:00:00,19:40:00,Cash,72.17,4.7619,3.6085,6.1,evening,Friday,January
307-85-2293,2019-03-07 0:00:00,13:58:00,Ewallet,251.4,4.7619,12.57,9.7,afternoon,Thursday,March
743-04-1105,2019-03-30 0:00:00,14:43:00,Ewallet,874.98,4.7619,43.749,6,afternoon,Saturday,March
423-57-2993,2019-03-27 0:00:00,19:18:00,Ewallet,560.34,4.7619,28.017,10,evening,Wednesday,March
894-41-5205,2019-01-19 0:00:00,19:39:00,Credit card,345.44,4.7619,17.272,8.3,evening,Saturday,January
275-28-0149,2019-02-25 0:00:00,16:21:00,Cash,63.69,4.7619,3.1845,6,evening,Monday,February
101-17-6199,2019-03-13 0:00:00,19:44:00,Credit card,320.53,4.7619,16.0265,7,evening,Wednesday,March
423-80-0988,2019-01-30 0:00:00,19:42:00,Ewallet,152.8,4.7619,7.64,6.5,evening,Wednesday,January
548-46-9322,2019-02-20 0:00:00,15:24:00,Credit card,399,4.7619,19.95,5.9,afternoon,Wednesday,February
505-02-0892,2019-02-25 0:00:00,14:12:00,Ewallet,340.56,4.7619,17.028,5.6,afternoon,Monday,February
234-65-2137,2019-01-16 0:00:00,13:32:00,Cash,955.8,4.7619,47.79,4.8,afternoon,Wednesday,January
687-47-8271,2019-02-08 0:00:00,16:20:00,Credit card,989.8,4.7619,49.49,8.7,evening,Friday,February
796-32-9050,2019-01-19 0:00:00,16:31:00,Cash,307.68,4.7619,15.384,6.5,evening,Saturday,January
105-31-1824,2019-02-01 0:00:00,15:10:00,Credit card,486.64,4.7619,24.332,8.5,afternoon,Friday,February
249-42-3782,2019-01-03 0:00:00,11:36:00,Ewallet,350.05,4.7619,17.5025,5.5,morning,Thursday,January
316-55-4634,2019-01-26 0:00:00,12:45:00,Credit card,400.25,4.7619,20.0125,9.4,afternoon,Saturday,January
733-33-4967,2019-03-03 0:00:00,19:17:00,Cash,166.8,4.7619,8.34,6.3,evening,Sunday,March
608-27-6295,2019-01-19 0:00:00,17:34:00,Credit card,317.34,4.7619,15.867,9.8,evening,Saturday,January
414-12-7047,2019-01-18 0:00:00,12:04:00,Ewallet,158.32,4.7619,7.916,8.7,afternoon,Friday,January
827-26-2100,2019-03-21 0:00:00,16:21:00,Ewallet,304.56,4.7619,15.228,8.8,evening,Thursday,March
175-54-2529,2019-03-03 0:00:00,17:01:00,Credit card,177.36,4.7619,8.868,9.6,evening,Sunday,March
139-52-2867,2019-02-13 0:00:00,10:50:00,Credit card,157.57,4.7619,7.8785,4.8,morning,Wednesday,February
407-63-8975,2019-03-23 0:00:00,19:16:00,Ewallet,443.28,4.7619,22.164,4.4,evening,Saturday,March
342-65-4817,2019-01-28 0:00:00,16:47:00,Ewallet,260.4,4.7619,13.02,9.9,evening,Monday,January
130-98-8941,2019-02-09 0:00:00,10:00:00,Cash,449.82,4.7619,22.491,5.7,morning,Saturday,February
434-83-9547,2019-01-23 0:00:00,11:51:00,Cash,307.76,4.7619,15.388,7.7,morning,Wednesday,January
851-28-6367,2019-03-23 0:00:00,10:55:00,Ewallet,155,4.7619,7.75,8,morning,Saturday,March
824-88-3614,2019-01-25 0:00:00,15:00:00,Ewallet,274.48,4.7619,13.724,5.7,afternoon,Friday,January
586-25-0848,2019-03-04 0:00:00,11:19:00,Credit card,86.38,4.7619,4.319,6.7,morning,Monday,March
895-66-0685,2019-03-05 0:00:00,19:46:00,Ewallet,54.24,4.7619,2.712,8,evening,Tuesday,March
305-14-0245,2019-03-03 0:00:00,19:00:00,Ewallet,755.92,4.7619,37.796,7.5,evening,Sunday,March
732-04-5373,2019-02-08 0:00:00,10:53:00,Cash,185.88,4.7619,9.294,7,morning,Friday,February
400-60-7251,2019-02-10 0:00:00,12:50:00,Ewallet,74.07,4.7619,3.7035,9.9,afternoon,Sunday,February
593-65-1552,2019-01-28 0:00:00,20:50:00,Credit card,279.24,4.7619,13.962,5.9,evening,Monday,January
284-34-9626,2019-02-11 0:00:00,10:39:00,Credit card,231.12,4.7619,11.556,7.2,morning,Monday,February
437-58-8131,2019-01-15 0:00:00,13:41:00,Ewallet,147.04,4.7619,7.352,4.6,afternoon,Tuesday,January
286-43-6208,2019-03-16 0:00:00,19:08:00,Cash,790.2,4.7619,39.51,9.2,evening,Saturday,March
641-43-2399,2019-01-26 0:00:00,20:23:00,Ewallet,102.2,4.7619,5.11,5.7,evening,Saturday,January
831-07-6050,2019-03-19 0:00:00,11:30:00,Credit card,163.55,4.7619,8.1775,9.9,morning,Tuesday,March
556-86-3144,2019-01-13 0:00:00,19:30:00,Cash,74.29,4.7619,3.7145,5,evening,Sunday,January
848-24-9445,2019-03-26 0:00:00,18:03:00,Cash,87.4,4.7619,4.37,4.9,evening,Tuesday,March
856-22-8149,2019-03-23 0:00:00,10:13:00,Ewallet,25.29,4.7619,1.2645,6.1,morning,Saturday,March
699-01-4164,2019-03-12 0:00:00,19:58:00,Credit card,166,4.7619,8.3,8.2,evening,Tuesday,March
420-11-4919,2019-02-17 0:00:00,19:57:00,Credit card,356.95,4.7619,17.8475,5.5,evening,Sunday,February
606-80-4905,2019-01-29 0:00:00,10:01:00,Credit card,114.9,4.7619,5.745,6.8,morning,Tuesday,January
542-41-0513,2019-03-15 0:00:00,11:57:00,Cash,229.96,4.7619,11.498,6.6,morning,Friday,March
426-39-2418,2019-01-14 0:00:00,10:02:00,Cash,429.87,4.7619,21.4935,9.8,morning,Monday,January
875-46-5808,2019-02-06 0:00:00,14:51:00,Ewallet,259,4.7619,12.95,8.7,afternoon,Wednesday,February
394-43-4238,2019-02-15 0:00:00,12:42:00,Credit card,88.85,4.7619,4.4425,5.4,afternoon,Friday,February
749-24-1565,2019-01-03 0:00:00,12:02:00,Ewallet,207.27,4.7619,10.3635,7.9,afternoon,Thursday,January
672-51-8681,2019-01-04 0:00:00,18:19:00,Credit card,599.85,4.7619,29.9925,9.7,evening,Friday,January
263-87-5680,2019-03-18 0:00:00,17:38:00,Ewallet,285.3,4.7619,14.265,7.8,evening,Monday,March
573-58-9734,2019-03-28 0:00:00,13:41:00,Ewallet,91.11,4.7619,4.5555,5.1,afternoon,Thursday,March
817-69-8206,2019-03-02 0:00:00,19:42:00,Credit card,897.57,4.7619,44.8785,6.5,evening,Saturday,March
888-02-0338,2019-01-25 0:00:00,20:24:00,Ewallet,236.07,4.7619,11.8035,5.9,evening,Friday,January
677-11-0152,2019-01-16 0:00:00,18:08:00,Cash,839.34,4.7619,41.967,8.8,evening,Wednesday,January
142-63-6033,2019-03-20 0:00:00,19:17:00,Ewallet,461.8,4.7619,23.09,4.9,evening,Wednesday,March
656-16-1063,2019-01-04 0:00:00,13:24:00,Credit card,139.26,4.7619,6.963,4.4,afternoon,Friday,January
891-58-8335,2019-03-11 0:00:00,15:53:00,Cash,207.27,4.7619,10.3635,6.5,afternoon,Monday,March
802-43-8934,2019-03-22 0:00:00,15:05:00,Credit card,18.28,4.7619,0.914,8.3,afternoon,Friday,March
560-30-5617,2019-03-24 0:00:00,18:27:00,Cash,123.85,4.7619,6.1925,8.5,evening,Sunday,March
319-74-2561,2019-02-21 0:00:00,16:55:00,Cash,283.92,4.7619,14.196,5.5,evening,Thursday,February
549-03-9315,2019-02-12 0:00:00,12:58:00,Ewallet,758.96,4.7619,37.948,8.7,afternoon,Tuesday,February
790-29-1172,2019-03-10 0:00:00,18:59:00,Credit card,172.02,4.7619,8.601,7.9,evening,Sunday,March
239-36-3640,2019-01-31 0:00:00,13:44:00,Ewallet,272.1,4.7619,13.605,6.1,afternoon,Thursday,January
468-01-2051,2019-03-06 0:00:00,13:46:00,Ewallet,434.56,4.7619,21.728,5.4,afternoon,Wednesday,March
389-25-3394,2019-02-17 0:00:00,18:06:00,Cash,59.05,4.7619,2.9525,9.4,evening,Sunday,February
279-62-1445,2019-02-21 0:00:00,12:38:00,Cash,12.54,4.7619,0.627,8.2,afternoon,Thursday,February
213-72-6612,2019-03-20 0:00:00,15:56:00,Cash,86.5,4.7619,4.325,6.2,afternoon,Wednesday,March
746-68-6593,2019-01-11 0:00:00,14:29:00,Credit card,174.32,4.7619,8.716,9.7,afternoon,Friday,January
836-82-5858,2019-01-26 0:00:00,19:14:00,Ewallet,624.33,4.7619,31.2165,4,evening,Saturday,January
583-72-1480,2019-01-31 0:00:00,16:24:00,Ewallet,148.24,4.7619,7.412,9.7,evening,Thursday,January
466-61-5506,2019-02-26 0:00:00,10:52:00,Cash,544.2,4.7619,27.21,5.3,morning,Tuesday,February
721-86-6247,2019-03-11 0:00:00,12:55:00,Ewallet,507.36,4.7619,25.368,7.4,afternoon,Monday,March
289-65-5721,2019-01-26 0:00:00,19:28:00,Cash,162.74,4.7619,8.137,6.5,evening,Saturday,January
545-46-3100,2019-03-12 0:00:00,13:52:00,Credit card,31.77,4.7619,1.5885,8.7,afternoon,Tuesday,March
418-02-5978,2019-02-11 0:00:00,10:54:00,Cash,756.81,4.7619,37.8405,8,morning,Monday,February
269-04-5750,2019-02-21 0:00:00,18:31:00,Cash,295.28,4.7619,14.764,6.7,evening,Thursday,February
157-13-5295,2019-03-09 0:00:00,18:24:00,Ewallet,519.4,4.7619,25.97,6.5,evening,Saturday,March
645-78-8093,2019-01-20 0:00:00,18:09:00,Ewallet,186.28,4.7619,9.314,4.1,evening,Sunday,January
211-30-9270,2019-01-28 0:00:00,15:16:00,Credit card,87.05,4.7619,4.3525,4.9,afternoon,Monday,January
755-12-3214,2019-03-05 0:00:00,17:07:00,Credit card,221.1,4.7619,11.055,8.6,evening,Tuesday,March
346-84-3103,2019-03-02 0:00:00,19:26:00,Cash,66.1,4.7619,3.305,4.3,evening,Saturday,March
478-06-7835,2019-01-11 0:00:00,11:20:00,Ewallet,89.69,4.7619,4.4845,4.9,morning,Friday,January
540-11-4336,2019-01-11 0:00:00,16:49:00,Credit card,224.46,4.7619,11.223,5.6,evening,Friday,January
448-81-5016,2019-03-11 0:00:00,12:01:00,Credit card,119.54,4.7619,5.977,5.8,afternoon,Monday,March
142-72-4741,2019-02-28 0:00:00,18:37:00,Credit card,186.4,4.7619,9.32,6,evening,Thursday,February
217-58-1179,2019-01-05 0:00:00,11:25:00,Cash,250.6,4.7619,12.53,4.2,morning,Saturday,January
376-02-8238,2019-02-02 0:00:00,18:42:00,Credit card,750.96,4.7619,37.548,8.3,evening,Saturday,February
530-90-9855,2019-01-01 0:00:00,14:47:00,Cash,380.72,4.7619,19.036,5.7,afternoon,Tuesday,January
866-05-7563,2019-02-09 0:00:00,19:43:00,Cash,244.2,4.7619,12.21,4.8,evening,Saturday,February
604-70-6476,2019-01-23 0:00:00,14:04:00,Ewallet,89.7,4.7619,4.485,6.8,afternoon,Wednesday,January
799-71-1548,2019-01-07 0:00:00,16:11:00,Credit card,310.88,4.7619,15.544,8.8,evening,Monday,January
785-13-7708,2019-01-14 0:00:00,19:06:00,Credit card,511.42,4.7619,25.571,4.2,evening,Monday,January
845-51-0542,2019-02-02 0:00:00,15:34:00,Ewallet,418.95,4.7619,20.9475,6.4,afternoon,Saturday,February
662-47-5456,2019-03-17 0:00:00,19:06:00,Credit card,351.9,4.7619,17.595,8.4,evening,Sunday,March
883-17-4236,2019-03-02 0:00:00,19:44:00,Credit card,28.78,4.7619,1.439,7.2,evening,Saturday,March
290-68-2984,2019-03-16 0:00:00,11:22:00,Cash,95,4.7619,4.75,5.2,morning,Saturday,March
704-11-6354,2019-01-06 0:00:00,11:23:00,Cash,471.2,4.7619,23.56,8.9,morning,Sunday,January
110-48-7033,2019-01-29 0:00:00,14:12:00,Cash,130.48,4.7619,6.524,9,afternoon,Tuesday,January
366-93-0948,2019-01-31 0:00:00,10:46:00,Credit card,66.35,4.7619,3.3175,9.7,morning,Thursday,January
729-09-9681,2019-02-05 0:00:00,10:16:00,Ewallet,155.46,4.7619,7.773,8.7,morning,Tuesday,February
151-16-1484,2019-02-13 0:00:00,12:38:00,Ewallet,129,4.7619,6.45,6.5,afternoon,Wednesday,February
380-94-4661,2019-02-07 0:00:00,13:05:00,Credit card,263.76,4.7619,13.188,6.9,afternoon,Thursday,February
850-41-9669,2019-03-19 0:00:00,13:25:00,Ewallet,675.54,4.7619,33.777,6.2,afternoon,Tuesday,March
821-07-3596,2019-03-07 0:00:00,14:53:00,Ewallet,65.8,4.7619,3.29,5.6,afternoon,Thursday,March
655-85-5130,2019-03-13 0:00:00,19:22:00,Cash,153.2,4.7619,7.66,5.7,evening,Wednesday,March
447-15-7839,2019-02-09 0:00:00,11:00:00,Cash,222.4,4.7619,11.12,4.2,morning,Saturday,February
154-74-7179,2019-02-26 0:00:00,19:24:00,Ewallet,54.45,4.7619,2.7225,7.9,evening,Tuesday,February
253-12-6086,2019-03-12 0:00:00,12:43:00,Credit card,688.8,4.7619,34.44,8.7,afternoon,Tuesday,March
808-65-0703,2019-03-14 0:00:00,17:22:00,Credit card,141.88,4.7619,7.094,6.9,evening,Thursday,March
571-94-0759,2019-01-08 0:00:00,20:55:00,Cash,746,4.7619,37.3,9.5,evening,Tuesday,January
144-51-6085,2019-01-05 0:00:00,16:05:00,Credit card,282.96,4.7619,14.148,4.4,evening,Saturday,January
731-14-2199,2019-01-04 0:00:00,13:34:00,Ewallet,355.4,4.7619,17.77,7,afternoon,Friday,January
783-09-1637,2019-03-06 0:00:00,18:13:00,Ewallet,337.15,4.7619,16.8575,6.3,evening,Wednesday,March
687-15-1097,2019-01-03 0:00:00,19:17:00,Cash,42.24,4.7619,2.112,9.7,evening,Thursday,January
126-54-1082,2019-01-07 0:00:00,11:44:00,Credit card,193.86,4.7619,9.693,8.8,morning,Monday,January
633-91-1052,2019-01-27 0:00:00,15:51:00,Cash,24.06,4.7619,1.203,5.1,afternoon,Sunday,January
477-24-6490,2019-02-26 0:00:00,16:52:00,Ewallet,598.26,4.7619,29.913,7.9,evening,Tuesday,February
566-19-5475,2019-01-07 0:00:00,20:52:00,Cash,335.79,4.7619,16.7895,6.2,evening,Monday,January
526-86-8552,2019-01-07 0:00:00,17:36:00,Cash,218.2,4.7619,10.91,7.1,evening,Monday,January
376-56-3573,2019-02-02 0:00:00,13:23:00,Ewallet,381.68,4.7619,19.084,6.4,afternoon,Saturday,February
537-72-0426,2019-03-20 0:00:00,16:28:00,Cash,709.9,4.7619,35.495,5.7,evening,Wednesday,March
828-61-5674,2019-03-20 0:00:00,19:57:00,Credit card,440.2,4.7619,22.01,9.6,evening,Wednesday,March
136-08-6195,2019-02-15 0:00:00,17:01:00,Credit card,559.68,4.7619,27.984,6.4,evening,Friday,February
523-38-0215,2019-03-06 0:00:00,13:29:00,Credit card,37,4.7619,1.85,7.9,afternoon,Wednesday,March
490-29-1201,2019-01-06 0:00:00,11:09:00,Cash,15.34,4.7619,0.767,6.5,morning,Sunday,January
667-92-0055,2019-03-04 0:00:00,15:02:00,Ewallet,598.98,4.7619,29.949,8.5,afternoon,Monday,March
565-17-3836,2019-03-12 0:00:00,14:21:00,Cash,190.68,4.7619,9.534,9.1,afternoon,Tuesday,March
498-41-1961,2019-02-20 0:00:00,18:01:00,Cash,333.4,4.7619,16.67,7.6,evening,Wednesday,February
593-95-4461,2019-03-24 0:00:00,14:49:00,Cash,74.86,4.7619,3.743,6.9,afternoon,Sunday,March
226-71-3580,2019-01-31 0:00:00,12:02:00,Cash,213.75,4.7619,10.6875,9.5,afternoon,Thursday,January
283-79-9594,2019-01-25 0:00:00,13:30:00,Credit card,339.57,4.7619,16.9785,5.2,afternoon,Friday,January
430-60-3493,2019-02-03 0:00:00,14:38:00,Cash,664.16,4.7619,33.208,4.2,afternoon,Sunday,February
139-20-0155,2019-01-24 0:00:00,17:37:00,Credit card,403,4.7619,20.15,7,evening,Thursday,January
558-80-4082,2019-03-14 0:00:00,17:20:00,Ewallet,194.95,4.7619,9.7475,6,evening,Thursday,March
278-97-7759,2019-02-18 0:00:00,20:29:00,Cash,62.48,4.7619,3.124,4.7,evening,Monday,February
316-68-6352,2019-01-21 0:00:00,10:00:00,Cash,72.72,4.7619,3.636,7.1,morning,Monday,January
585-03-5943,2019-03-13 0:00:00,11:46:00,Ewallet,181.1,4.7619,9.055,5.9,morning,Wednesday,March
211-05-0490,2019-03-03 0:00:00,13:42:00,Cash,259.6,4.7619,12.98,7.5,afternoon,Sunday,March
727-75-6477,2019-03-29 0:00:00,14:44:00,Cash,115.36,4.7619,5.768,6.4,afternoon,Friday,March
744-02-5987,2019-01-10 0:00:00,14:16:00,Ewallet,470.28,4.7619,23.514,5.8,afternoon,Thursday,January
307-83-9164,2019-01-25 0:00:00,15:54:00,Cash,240.04,4.7619,12.002,4.5,afternoon,Friday,January
779-06-0012,2019-01-19 0:00:00,10:21:00,Cash,88.61,4.7619,4.4305,7.7,morning,Saturday,January
446-47-6729,2019-01-02 0:00:00,18:09:00,Credit card,199.64,4.7619,9.982,6.7,evening,Wednesday,January
573-10-3877,2019-03-12 0:00:00,16:46:00,Credit card,39.01,4.7619,1.9505,4.7,evening,Tuesday,March
735-06-4124,2019-02-25 0:00:00,15:31:00,Cash,48.61,4.7619,2.4305,4.4,afternoon,Monday,February
439-54-7422,2019-03-18 0:00:00,17:15:00,Credit card,204.76,4.7619,10.238,4.7,evening,Monday,March
396-90-2219,2019-02-23 0:00:00,12:29:00,Cash,119.68,4.7619,5.984,8.6,afternoon,Saturday,February
411-77-0180,2019-03-26 0:00:00,20:14:00,Ewallet,505.4,4.7619,25.27,4.3,evening,Tuesday,March
286-01-5402,2019-03-30 0:00:00,13:22:00,Cash,281.61,4.7619,14.0805,9.6,afternoon,Saturday,March
803-17-8013,2019-02-17 0:00:00,17:09:00,Cash,710.32,4.7619,35.516,4.1,evening,Sunday,February
512-98-1403,2019-03-21 0:00:00,10:40:00,Ewallet,79.44,4.7619,3.972,4.7,morning,Thursday,March
848-42-2560,2019-03-05 0:00:00,17:43:00,Cash,163.82,4.7619,8.191,7.8,evening,Tuesday,March
532-59-7201,2019-01-31 0:00:00,14:04:00,Cash,479.58,4.7619,23.979,5.5,afternoon,Thursday,January
181-94-6432,2019-02-05 0:00:00,19:05:00,Ewallet,138.66,4.7619,6.933,9.7,evening,Tuesday,February
870-76-1733,2019-02-01 0:00:00,10:08:00,Credit card,71.15,4.7619,3.5575,4.4,morning,Friday,February
423-64-4619,2019-03-07 0:00:00,13:12:00,Cash,139.95,4.7619,6.9975,5,afternoon,Thursday,March
227-07-4446,2019-02-10 0:00:00,20:51:00,Cash,781.3,4.7619,39.065,4.4,evening,Sunday,February
174-36-3675,2019-02-14 0:00:00,17:29:00,Cash,198.74,4.7619,9.937,5.2,evening,Thursday,February
428-83-5800,2019-02-09 0:00:00,10:25:00,Cash,63.24,4.7619,3.162,7.3,morning,Saturday,February
603-07-0961,2019-01-10 0:00:00,11:34:00,Cash,373.95,4.7619,18.6975,4.9,morning,Thursday,January
704-20-4138,2019-03-11 0:00:00,18:58:00,Credit card,207.69,4.7619,10.3845,8.1,evening,Monday,March
787-15-1757,2019-02-18 0:00:00,16:28:00,Ewallet,176.28,4.7619,8.814,8.4,evening,Monday,February
649-11-3678,2019-02-26 0:00:00,20:26:00,Cash,206.37,4.7619,10.3185,5.5,evening,Tuesday,February
622-20-1945,2019-01-18 0:00:00,15:08:00,Cash,39.42,4.7619,1.971,8.4,afternoon,Friday,January
372-94-8041,2019-02-15 0:00:00,18:03:00,Ewallet,91.56,4.7619,4.578,9.8,evening,Friday,February
563-91-7120,2019-03-08 0:00:00,13:21:00,Cash,308.85,4.7619,15.4425,6.7,afternoon,Friday,March
746-54-5508,2019-01-17 0:00:00,12:48:00,Credit card,129.12,4.7619,6.456,9.4,afternoon,Thursday,January
276-54-0879,2019-03-12 0:00:00,19:53:00,Ewallet,390.96,4.7619,19.548,6.4,evening,Tuesday,March
815-11-1168,2019-03-09 0:00:00,19:09:00,Cash,498.9,4.7619,24.945,5.4,evening,Saturday,March
719-76-3868,2019-03-12 0:00:00,16:30:00,Cash,377.04,4.7619,18.852,8.6,evening,Tuesday,March
730-61-8757,2019-01-25 0:00:00,10:11:00,Credit card,204.52,4.7619,10.226,4,morning,Friday,January
340-66-0321,2019-03-25 0:00:00,13:07:00,Cash,145.44,4.7619,7.272,7.6,afternoon,Monday,March
868-81-1752,2019-02-07 0:00:00,18:48:00,Cash,198.18,4.7619,9.909,6.8,evening,Thursday,February
634-97-8956,2019-02-17 0:00:00,17:27:00,Credit card,98.7,4.7619,4.935,9.1,evening,Sunday,February
566-71-1091,2019-02-03 0:00:00,15:59:00,Cash,385.1,4.7619,19.255,5.5,afternoon,Sunday,February
442-48-3607,2019-03-14 0:00:00,11:21:00,Credit card,46.96,4.7619,2.348,7.9,morning,Thursday,March
835-16-0096,2019-03-24 0:00:00,13:48:00,Ewallet,73.5,4.7619,3.675,8.5,afternoon,Sunday,March
527-09-6272,2019-03-21 0:00:00,10:17:00,Credit card,142.25,4.7619,7.1125,9.1,morning,Thursday,March
898-04-2717,2019-03-19 0:00:00,15:49:00,Ewallet,687.6,4.7619,34.38,7.5,afternoon,Tuesday,March
692-27-8933,2019-02-24 0:00:00,13:02:00,Cash,347.7,4.7619,17.385,5.2,afternoon,Sunday,February
633-09-3463,2019-03-28 0:00:00,12:58:00,Credit card,142.95,4.7619,7.1475,9.5,afternoon,Thursday,March
374-17-3652,2019-02-05 0:00:00,15:26:00,Credit card,385.38,4.7619,19.269,8.9,afternoon,Tuesday,February
378-07-7001,2019-02-10 0:00:00,18:23:00,Credit card,144.27,4.7619,7.2135,7.8,evening,Sunday,February
433-75-6987,2019-03-05 0:00:00,19:06:00,Ewallet,391.79,4.7619,19.5895,8.9,evening,Tuesday,March
873-95-4984,2019-02-15 0:00:00,20:21:00,Cash,538.3,4.7619,26.915,7.7,evening,Friday,February
416-13-5917,2019-01-30 0:00:00,16:24:00,Ewallet,485.15,4.7619,24.2575,9.3,evening,Wednesday,January
150-89-8043,2019-02-14 0:00:00,15:04:00,Cash,133.95,4.7619,6.6975,6.2,afternoon,Thursday,February
135-84-8019,2019-02-27 0:00:00,16:10:00,Ewallet,701.37,4.7619,35.0685,7.6,evening,Wednesday,February
441-94-7118,2019-02-04 0:00:00,12:14:00,Cash,71.95,4.7619,3.5975,7.3,afternoon,Monday,February
725-96-3778,2019-01-20 0:00:00,10:13:00,Cash,714,4.7619,35.7,4.7,morning,Sunday,January
531-80-1784,2019-03-28 0:00:00,17:38:00,Cash,182.14,4.7619,9.107,5.1,evening,Thursday,March
400-45-1220,2019-02-27 0:00:00,11:06:00,Credit card,135,4.7619,6.75,4.8,morning,Wednesday,February
860-79-0874,2019-02-15 0:00:00,14:53:00,Credit card,993,4.7619,49.65,6.6,afternoon,Friday,February
834-61-8124,2019-01-26 0:00:00,18:22:00,Cash,361.83,4.7619,18.0915,5.5,evening,Saturday,January
115-99-4379,2019-03-14 0:00:00,19:02:00,Credit card,383.11,4.7619,19.1555,8.5,evening,Thursday,March
565-67-6697,2019-03-02 0:00:00,14:16:00,Cash,243,4.7619,12.15,4.8,afternoon,Saturday,March
320-49-6392,2019-03-04 0:00:00,15:44:00,Cash,30.24,4.7619,1.512,8.4,afternoon,Monday,March
889-04-9723,2019-01-07 0:00:00,12:20:00,Credit card,356.56,4.7619,17.828,7.8,afternoon,Monday,January
632-90-0281,2019-03-08 0:00:00,20:01:00,Credit card,375.5,4.7619,18.775,9.3,evening,Friday,March
554-42-2417,2019-01-09 0:00:00,13:45:00,Cash,954.4,4.7619,47.72,5.2,afternoon,Wednesday,January
453-63-6187,2019-03-01 0:00:00,15:40:00,Ewallet,82.5,4.7619,4.125,6.5,afternoon,Friday,March
578-80-7669,2019-03-16 0:00:00,16:58:00,Cash,74.97,4.7619,3.7485,5.6,evening,Saturday,March
612-36-5536,2019-02-17 0:00:00,11:12:00,Credit card,647.68,4.7619,32.384,7.4,morning,Sunday,February
605-72-4132,2019-02-27 0:00:00,15:12:00,Cash,755.76,4.7619,37.788,9.1,afternoon,Wednesday,February
471-41-2823,2019-03-07 0:00:00,20:37:00,Ewallet,199.58,4.7619,9.979,8,evening,Thursday,March
462-67-9126,2019-01-21 0:00:00,17:44:00,Cash,439.32,4.7619,21.966,7.2,evening,Monday,January
272-27-9238,2019-02-19 0:00:00,16:23:00,Cash,164.96,4.7619,8.248,7.1,evening,Tuesday,February
834-25-9262,2019-01-06 0:00:00,12:12:00,Cash,326.72,4.7619,16.336,9.1,afternoon,Sunday,January
122-61-9553,2019-03-14 0:00:00,19:33:00,Cash,461.88,4.7619,23.094,5.6,evening,Thursday,March
468-88-0009,2019-03-24 0:00:00,10:29:00,Cash,263.76,4.7619,13.188,6,morning,Sunday,March
613-59-9758,2019-01-27 0:00:00,14:28:00,Cash,143.6,4.7619,7.18,5.4,afternoon,Sunday,January
254-31-0042,2019-03-06 0:00:00,12:46:00,Credit card,193.5,4.7619,9.675,7.8,afternoon,Wednesday,March
201-86-2184,2019-02-02 0:00:00,19:40:00,Cash,183.82,4.7619,9.191,9.9,evening,Saturday,February
261-12-8671,2019-01-25 0:00:00,19:39:00,Credit card,121.92,4.7619,6.096,4.9,evening,Friday,January
730-70-9830,2019-03-14 0:00:00,17:54:00,Ewallet,420.66,4.7619,21.033,5.2,evening,Thursday,March
382-25-8917,2019-01-29 0:00:00,12:25:00,Cash,252.48,4.7619,12.624,8.9,afternoon,Tuesday,January
422-29-8786,2019-01-03 0:00:00,16:47:00,Credit card,335.45,4.7619,16.7725,9.1,evening,Thursday,January
667-23-5919,2019-01-14 0:00:00,12:52:00,Ewallet,483.5,4.7619,24.175,7,afternoon,Monday,January
843-01-4703,2019-01-05 0:00:00,19:50:00,Credit card,318.42,4.7619,15.921,9.6,evening,Saturday,January
743-88-1662,2019-02-22 0:00:00,18:17:00,Ewallet,668.43,4.7619,33.4215,8.7,evening,Friday,February
595-86-2894,2019-02-06 0:00:00,17:20:00,Ewallet,387.92,4.7619,19.396,9.4,evening,Wednesday,February
182-69-8360,2019-01-30 0:00:00,13:32:00,Credit card,94.6,4.7619,4.73,4,afternoon,Wednesday,January
289-15-7034,2019-01-11 0:00:00,10:37:00,Credit card,329.32,4.7619,16.466,7.5,morning,Friday,January
462-78-5240,2019-03-19 0:00:00,14:35:00,Cash,53.22,4.7619,2.661,4.2,afternoon,Tuesday,March
868-52-7573,2019-01-14 0:00:00,12:09:00,Cash,498.45,4.7619,24.9225,9.9,afternoon,Monday,January
153-58-4872,2019-03-01 0:00:00,15:32:00,Ewallet,299.56,4.7619,14.978,4.2,afternoon,Friday,March
662-72-2873,2019-01-06 0:00:00,13:58:00,Ewallet,204.7,4.7619,10.235,9.9,afternoon,Sunday,January
525-88-7307,2019-01-31 0:00:00,13:19:00,Cash,75.82,4.7619,3.791,5.8,afternoon,Thursday,January
689-16-9784,2019-03-11 0:00:00,13:37:00,Cash,280.62,4.7619,14.031,6,afternoon,Monday,March
725-56-0833,2019-02-20 0:00:00,16:49:00,Credit card,323.2,4.7619,16.16,10,evening,Wednesday,February
394-41-0748,2019-01-27 0:00:00,14:55:00,Ewallet,486.63,4.7619,24.3315,9.5,afternoon,Sunday,January
596-42-3999,2019-03-10 0:00:00,14:04:00,Credit card,127.54,4.7619,6.377,6.6,afternoon,Sunday,March
541-89-9860,2019-02-15 0:00:00,12:31:00,Cash,241.44,4.7619,12.072,8.1,afternoon,Friday,February
173-82-9529,2019-01-26 0:00:00,14:51:00,Cash,379.5,4.7619,18.975,9.7,afternoon,Saturday,January
563-36-9814,2019-02-13 0:00:00,18:27:00,Ewallet,76.82,4.7619,3.841,7.2,evening,Wednesday,February
308-47-4913,2019-03-09 0:00:00,12:45:00,Credit card,522.6,4.7619,26.13,6.2,afternoon,Saturday,March
885-17-6250,2019-03-06 0:00:00,10:36:00,Ewallet,79.74,4.7619,3.987,7.3,morning,Wednesday,March
726-27-2396,2019-01-24 0:00:00,20:36:00,Ewallet,387.5,4.7619,19.375,4.3,evening,Thursday,January
316-01-3952,2019-03-13 0:00:00,14:16:00,Ewallet,271.35,4.7619,13.5675,4.6,afternoon,Wednesday,March
760-54-1821,2019-03-15 0:00:00,10:26:00,Cash,122.31,4.7619,6.1155,5.8,morning,Friday,March
793-10-3222,2019-03-05 0:00:00,13:30:00,Credit card,246.36,4.7619,12.318,8.3,afternoon,Tuesday,March
346-12-3257,2019-03-04 0:00:00,16:28:00,Cash,173.16,4.7619,8.658,8,evening,Monday,March
110-05-6330,2019-03-25 0:00:00,20:18:00,Credit card,236.58,4.7619,11.829,9.4,evening,Monday,March
651-61-0874,2019-03-12 0:00:00,20:04:00,Credit card,184.88,4.7619,9.244,6.2,evening,Tuesday,March
236-86-3015,2019-02-04 0:00:00,13:38:00,Ewallet,13.98,4.7619,0.699,9.8,afternoon,Monday,February
831-64-0259,2019-02-22 0:00:00,10:43:00,Ewallet,198.75,4.7619,9.9375,9.6,morning,Friday,February
587-03-7455,2019-02-16 0:00:00,17:30:00,Ewallet,684.53,4.7619,34.2265,4.9,evening,Saturday,February
882-40-4577,2019-01-19 0:00:00,15:28:00,Credit card,269.04,4.7619,13.452,8,afternoon,Saturday,January
732-67-5346,2019-01-11 0:00:00,19:07:00,Credit card,68.95,4.7619,3.4475,7.8,evening,Friday,January
725-32-9708,2019-01-04 0:00:00,19:01:00,Cash,274.84,4.7619,13.742,4.1,evening,Friday,January
256-08-8343,2019-03-04 0:00:00,19:48:00,Ewallet,226.12,4.7619,11.306,5.5,evening,Monday,March
372-26-1506,2019-01-28 0:00:00,19:24:00,Ewallet,119.1,4.7619,5.955,5.4,evening,Monday,January
244-08-0162,2019-01-02 0:00:00,13:00:00,Cash,342.1,4.7619,17.105,5.1,afternoon,Wednesday,January
569-71-4390,2019-01-25 0:00:00,14:29:00,Ewallet,43.74,4.7619,2.187,6.9,afternoon,Friday,January
132-23-6451,2019-01-04 0:00:00,13:21:00,Cash,104.85,4.7619,5.2425,7.8,afternoon,Friday,January
696-90-2548,2019-03-10 0:00:00,18:55:00,Ewallet,77.52,4.7619,3.876,6.6,evening,Sunday,March
472-15-9636,2019-03-22 0:00:00,19:36:00,Ewallet,407.44,4.7619,20.372,9.2,evening,Friday,March
268-03-6164,2019-01-25 0:00:00,16:28:00,Ewallet,96.11,4.7619,4.8055,7.8,evening,Friday,January
750-57-9686,2019-01-08 0:00:00,13:48:00,Credit card,181.52,4.7619,9.076,8.7,afternoon,Tuesday,January
186-09-3669,2019-01-22 0:00:00,10:57:00,Ewallet,81.51,4.7619,4.0755,9.2,morning,Tuesday,January
848-07-1692,2019-01-12 0:00:00,17:13:00,Ewallet,114.44,4.7619,5.722,8.3,evening,Saturday,January
745-71-3520,2019-02-04 0:00:00,10:23:00,Cash,176.54,4.7619,8.827,8.2,morning,Monday,February
266-76-6436,2019-03-28 0:00:00,13:57:00,Ewallet,115.8,4.7619,5.79,7.5,afternoon,Thursday,March
740-22-2500,2019-01-23 0:00:00,13:29:00,Cash,252.15,4.7619,12.6075,9.8,afternoon,Wednesday,January
271-88-8734,2019-02-08 0:00:00,13:00:00,Credit card,972.1,4.7619,48.605,8.7,afternoon,Friday,February
301-81-8610,2019-03-19 0:00:00,19:42:00,Credit card,203.36,4.7619,10.168,6.7,evening,Tuesday,March
489-64-4354,2019-03-09 0:00:00,15:36:00,Cash,16.28,4.7619,0.814,5,afternoon,Saturday,March
198-84-7132,2019-01-02 0:00:00,13:40:00,Cash,365.49,4.7619,18.2745,7,afternoon,Wednesday,January
269-10-8440,2019-01-21 0:00:00,18:01:00,Cash,372.19,4.7619,18.6095,8.9,evening,Monday,January
650-98-6268,2019-03-20 0:00:00,13:53:00,Credit card,62.61,4.7619,3.1305,8,afternoon,Wednesday,March
741-73-3559,2019-02-27 0:00:00,17:27:00,Cash,336.35,4.7619,16.8175,6.9,evening,Wednesday,February
325-77-6186,2019-03-08 0:00:00,10:53:00,Ewallet,906.5,4.7619,45.325,7.3,morning,Friday,March
286-75-7818,2019-01-31 0:00:00,19:48:00,Credit card,138.16,4.7619,6.908,6.9,evening,Thursday,January
574-57-9721,2019-03-08 0:00:00,16:53:00,Ewallet,86.54,4.7619,4.327,5.7,evening,Friday,March
459-50-7686,2019-01-13 0:00:00,19:14:00,Ewallet,140.76,4.7619,7.038,6.4,evening,Sunday,January
616-87-0016,2019-03-09 0:00:00,14:36:00,Credit card,668.78,4.7619,33.439,9.6,afternoon,Saturday,March
837-55-7229,2019-02-22 0:00:00,18:19:00,Credit card,47.44,4.7619,2.372,6.8,evening,Friday,February
751-69-0068,2019-03-19 0:00:00,19:09:00,Ewallet,893.16,4.7619,44.658,9,evening,Tuesday,March
257-73-1380,2019-01-20 0:00:00,16:51:00,Ewallet,331.72,4.7619,16.586,9.6,evening,Sunday,January
345-08-4992,2019-03-08 0:00:00,15:37:00,Credit card,203.94,4.7619,10.197,7.7,afternoon,Friday,March
549-96-4200,2019-03-08 0:00:00,20:15:00,Ewallet,68.16,4.7619,3.408,7,evening,Friday,March
810-60-6344,2019-02-07 0:00:00,14:38:00,Credit card,326.88,4.7619,16.344,6.5,afternoon,Thursday,February
450-28-2866,2019-01-15 0:00:00,19:25:00,Cash,87.2,4.7619,4.36,8.1,evening,Tuesday,January
394-30-3170,2019-03-22 0:00:00,19:35:00,Credit card,707.44,4.7619,35.372,4.3,evening,Friday,March
138-17-5109,2019-01-15 0:00:00,15:42:00,Credit card,802.89,4.7619,40.1445,6.5,afternoon,Tuesday,January
192-98-7397,2019-01-08 0:00:00,14:11:00,Ewallet,12.78,4.7619,0.639,9.5,afternoon,Tuesday,January
301-11-9629,2019-01-15 0:00:00,10:43:00,Cash,133.7,4.7619,6.685,9.7,morning,Tuesday,January
390-80-5128,2019-01-28 0:00:00,17:58:00,Credit card,19.15,4.7619,0.9575,9.5,evening,Monday,January
235-46-8343,2019-02-14 0:00:00,11:26:00,Credit card,276.6,4.7619,13.83,8.9,morning,Thursday,February
453-12-7053,2019-03-10 0:00:00,17:38:00,Credit card,137.22,4.7619,6.861,6.5,evening,Sunday,March
296-11-7041,2019-01-12 0:00:00,20:07:00,Credit card,27.07,4.7619,1.3535,5.3,evening,Saturday,January
449-27-2918,2019-03-26 0:00:00,11:02:00,Credit card,39.12,4.7619,1.956,9.6,morning,Tuesday,March
891-01-7034,2019-01-01 0:00:00,19:07:00,Cash,448.26,4.7619,22.413,6.7,evening,Tuesday,January
744-09-5786,2019-01-02 0:00:00,18:50:00,Cash,132.06,4.7619,6.603,7.6,evening,Wednesday,January
727-17-0390,2019-03-16 0:00:00,12:43:00,Ewallet,318.05,4.7619,15.9025,4.8,afternoon,Saturday,March
568-88-3448,2019-03-03 0:00:00,15:09:00,Ewallet,25,4.7619,1.25,5.5,afternoon,Sunday,March
187-83-5490,2019-01-31 0:00:00,13:47:00,Cash,83.08,4.7619,4.154,4.7,afternoon,Thursday,January
767-54-1907,2019-02-13 0:00:00,16:59:00,Cash,147.8,4.7619,7.39,6.9,evening,Wednesday,February
710-46-4433,2019-02-15 0:00:00,14:15:00,Credit card,696.6,4.7619,34.83,4.5,afternoon,Friday,February
533-33-5337,2019-02-07 0:00:00,20:24:00,Cash,793.9,4.7619,39.695,6.2,evening,Thursday,February
325-90-8763,2019-01-27 0:00:00,13:58:00,Cash,465.7,4.7619,23.285,7.6,afternoon,Sunday,January
729-46-7422,2019-02-23 0:00:00,16:52:00,Credit card,35.89,4.7619,1.7945,7.9,evening,Saturday,February
639-76-1242,2019-02-03 0:00:00,15:19:00,Cash,202.6,4.7619,10.13,4.5,afternoon,Sunday,February
234-03-4040,2019-03-03 0:00:00,12:25:00,Credit card,730.5,4.7619,36.525,8.7,afternoon,Sunday,March
326-71-2155,2019-02-03 0:00:00,10:02:00,Cash,295.8,4.7619,14.79,6.1,morning,Sunday,February
320-32-8842,2019-03-17 0:00:00,18:58:00,Cash,22.62,4.7619,1.131,6.4,evening,Sunday,March
470-32-9057,2019-03-28 0:00:00,15:31:00,Credit card,256.7,4.7619,12.835,9.1,afternoon,Thursday,March
878-30-2331,2019-03-02 0:00:00,11:22:00,Credit card,545.5,4.7619,27.275,7.1,morning,Saturday,March
440-59-5691,2019-02-08 0:00:00,13:12:00,Credit card,260.05,4.7619,13.0025,7.7,afternoon,Friday,February
554-53-3790,2019-03-22 0:00:00,18:33:00,Cash,222.12,4.7619,11.106,4.5,evening,Friday,March
746-19-0921,2019-02-09 0:00:00,10:02:00,Ewallet,21.58,4.7619,1.079,7.2,morning,Saturday,February
233-34-0817,2019-02-15 0:00:00,11:21:00,Cash,98.84,4.7619,4.942,8.4,morning,Friday,February
767-05-1286,2019-01-23 0:00:00,12:10:00,Ewallet,502.62,4.7619,25.131,5.4,afternoon,Wednesday,January
340-21-9136,2019-01-25 0:00:00,11:40:00,Cash,160.2,4.7619,8.01,9.7,morning,Friday,January
405-31-3305,2019-02-02 0:00:00,18:31:00,Credit card,431.3,4.7619,21.565,5.5,evening,Saturday,February
731-59-7531,2019-03-30 0:00:00,17:58:00,Cash,580.56,4.7619,29.028,4.6,evening,Saturday,March
676-39-6028,2019-03-30 0:00:00,17:04:00,Cash,322.2,4.7619,16.11,6.6,evening,Saturday,March
502-05-1910,2019-02-25 0:00:00,20:35:00,Credit card,195.54,4.7619,9.777,6.3,evening,Monday,February
485-30-8700,2019-03-18 0:00:00,16:10:00,Credit card,166.3,4.7619,8.315,4.2,evening,Monday,March
598-47-9715,2019-03-07 0:00:00,16:54:00,Ewallet,336.28,4.7619,16.814,4.4,evening,Thursday,March
701-69-8742,2019-03-16 0:00:00,10:11:00,Ewallet,343.7,4.7619,17.185,6.7,morning,Saturday,March
575-67-1508,2019-01-29 0:00:00,11:26:00,Ewallet,38.6,4.7619,1.93,6.7,morning,Tuesday,January
541-08-3113,2019-02-02 0:00:00,20:29:00,Cash,527.76,4.7619,26.388,8.4,evening,Saturday,February
246-11-3901,2019-02-15 0:00:00,12:12:00,Cash,328,4.7619,16.4,6.2,afternoon,Friday,February
674-15-9296,2019-01-08 0:00:00,13:05:00,Ewallet,185.7,4.7619,9.285,5,afternoon,Tuesday,January
305-18-3552,2019-02-12 0:00:00,16:19:00,Cash,603.8,4.7619,30.19,6,evening,Tuesday,February
493-65-6248,2019-01-01 0:00:00,19:48:00,Credit card,369.8,4.7619,18.49,7,evening,Tuesday,January
438-01-4015,2019-03-21 0:00:00,15:25:00,Ewallet,197.96,4.7619,9.898,6.6,afternoon,Thursday,March
709-58-4068,2019-02-28 0:00:00,14:42:00,Cash,410.9,4.7619,20.545,7.3,afternoon,Thursday,February
795-49-7276,2019-03-23 0:00:00,18:59:00,Ewallet,148.6,4.7619,7.43,8.3,evening,Saturday,March
556-72-8512,2019-01-30 0:00:00,20:47:00,Cash,22.96,4.7619,1.148,4.3,evening,Wednesday,January
627-95-3243,2019-02-04 0:00:00,13:21:00,Ewallet,699.12,4.7619,34.956,9.8,afternoon,Monday,February
686-41-0932,2019-03-13 0:00:00,19:48:00,Ewallet,69.4,4.7619,3.47,8.2,evening,Wednesday,March
510-09-5628,2019-03-15 0:00:00,18:20:00,Credit card,196.6,4.7619,9.83,7.2,evening,Friday,March
608-04-3797,2019-03-05 0:00:00,20:24:00,Ewallet,202.56,4.7619,10.128,8.7,evening,Tuesday,March
148-82-2527,2019-03-05 0:00:00,13:44:00,Credit card,121.2,4.7619,6.06,8.4,afternoon,Tuesday,March
437-53-3084,2019-02-26 0:00:00,11:48:00,Ewallet,199.78,4.7619,9.989,7.1,morning,Tuesday,February
632-32-4574,2019-03-20 0:00:00,14:14:00,Cash,607.36,4.7619,30.368,5.5,afternoon,Wednesday,March
556-97-7101,2019-01-01 0:00:00,15:51:00,Cash,126.44,4.7619,6.322,8.5,afternoon,Tuesday,January
862-59-8517,2019-01-27 0:00:00,11:17:00,Cash,541.44,4.7619,27.072,6.2,morning,Sunday,January
401-18-8016,2019-01-21 0:00:00,17:36:00,Cash,98.13,4.7619,4.9065,8.9,evening,Monday,January
420-18-8989,2019-02-02 0:00:00,15:47:00,Cash,412.16,4.7619,20.608,9.6,afternoon,Saturday,February
277-63-2961,2019-02-03 0:00:00,15:53:00,Credit card,73.97,4.7619,3.6985,5.4,afternoon,Sunday,February
573-98-8548,2019-01-05 0:00:00,12:40:00,Ewallet,31.9,4.7619,1.595,9.1,afternoon,Saturday,January
620-02-2046,2019-01-27 0:00:00,19:48:00,Ewallet,138.8,4.7619,6.94,9,evening,Sunday,January
282-35-2475,2019-03-25 0:00:00,17:53:00,Cash,186.62,4.7619,9.331,6.3,evening,Monday,March
511-54-3087,2019-02-25 0:00:00,16:36:00,Credit card,88.45,4.7619,4.4225,9.5,evening,Monday,February
726-29-6793,2019-01-28 0:00:00,20:54:00,Ewallet,193.44,4.7619,9.672,9.8,evening,Monday,January
387-49-4215,2019-01-08 0:00:00,12:50:00,Cash,145.5,4.7619,7.275,6.7,afternoon,Tuesday,January
862-17-9201,2019-01-29 0:00:00,10:48:00,Credit card,504.3,4.7619,25.215,7.7,morning,Tuesday,January
291-21-5991,2019-03-29 0:00:00,14:28:00,Cash,306.45,4.7619,15.3225,7,afternoon,Friday,March
602-80-9671,2019-02-09 0:00:00,17:15:00,Credit card,95.7,4.7619,4.785,5.1,evening,Saturday,February
347-72-6115,2019-01-16 0:00:00,18:03:00,Credit card,635.18,4.7619,31.759,6.2,evening,Wednesday,January
209-61-0206,2019-01-05 0:00:00,17:29:00,Ewallet,214.55,4.7619,10.7275,6.1,evening,Saturday,January
595-27-4851,2019-01-27 0:00:00,18:05:00,Ewallet,379.96,4.7619,18.998,9.3,evening,Sunday,January
189-52-0236,2019-03-14 0:00:00,12:07:00,Cash,696.85,4.7619,34.8425,7.6,afternoon,Thursday,March
503-07-0930,2019-02-23 0:00:00,19:49:00,Credit card,408.73,4.7619,20.4365,8.2,evening,Saturday,February
413-20-6708,2019-03-18 0:00:00,15:52:00,Ewallet,51.47,4.7619,2.5735,8.5,afternoon,Monday,March
425-85-2085,2019-03-29 0:00:00,16:48:00,Ewallet,274.3,4.7619,13.715,9.8,evening,Friday,March
521-18-7827,2019-01-22 0:00:00,20:46:00,Credit card,196.95,4.7619,9.8475,8.7,evening,Tuesday,January
220-28-1851,2019-03-01 0:00:00,18:14:00,Ewallet,69.46,4.7619,3.473,9.7,evening,Friday,March
600-38-9738,2019-01-17 0:00:00,15:05:00,Credit card,359.6,4.7619,17.98,4.3,afternoon,Thursday,January
734-91-1155,2019-03-26 0:00:00,10:34:00,Credit card,137.13,4.7619,6.8565,7.7,morning,Tuesday,March
451-28-5717,2019-03-20 0:00:00,11:23:00,Cash,499.02,4.7619,24.951,7.3,morning,Wednesday,March
609-81-8548,2019-02-06 0:00:00,13:55:00,Credit card,224.64,4.7619,11.232,5.9,afternoon,Wednesday,February
133-14-7229,2019-01-01 0:00:00,11:43:00,Cash,125.74,4.7619,6.287,5,morning,Tuesday,January
534-01-4457,2019-01-27 0:00:00,14:36:00,Credit card,490.26,4.7619,24.513,8,afternoon,Sunday,January
719-89-8991,2019-02-25 0:00:00,16:03:00,Ewallet,457.05,4.7619,22.8525,7.1,evening,Monday,February
286-62-6248,2019-01-16 0:00:00,20:03:00,Credit card,156.84,4.7619,7.842,9,evening,Wednesday,January
339-38-9982,2019-01-13 0:00:00,14:55:00,Ewallet,119.72,4.7619,5.986,6.7,afternoon,Sunday,January
827-44-5872,2019-02-07 0:00:00,11:28:00,Credit card,543.6,4.7619,27.18,6.1,morning,Thursday,February
827-77-7633,2019-02-17 0:00:00,19:41:00,Cash,882.81,4.7619,44.1405,9.3,evening,Sunday,February
287-83-1405,2019-02-12 0:00:00,19:01:00,Ewallet,152.58,4.7619,7.629,7,evening,Tuesday,February
435-13-4908,2019-01-24 0:00:00,18:04:00,Credit card,693.44,4.7619,34.672,7.2,evening,Thursday,January
857-67-9057,2019-02-06 0:00:00,19:20:00,Ewallet,229.5,4.7619,11.475,8.2,evening,Wednesday,February
236-27-1144,2019-03-26 0:00:00,10:31:00,Ewallet,146.79,4.7619,7.3395,8.4,morning,Tuesday,March
892-05-6689,2019-03-11 0:00:00,13:28:00,Ewallet,141.6,4.7619,7.08,6.2,afternoon,Monday,March
583-41-4548,2019-02-07 0:00:00,11:36:00,Ewallet,116.69,4.7619,5.8345,7.4,morning,Thursday,February
339-12-4827,2019-01-05 0:00:00,11:32:00,Credit card,73.96,4.7619,3.698,5,morning,Saturday,January
643-38-7867,2019-03-07 0:00:00,11:44:00,Ewallet,97.94,4.7619,4.897,6.9,morning,Thursday,March
308-81-0538,2019-02-25 0:00:00,17:16:00,Credit card,292.2,4.7619,14.61,4.9,evening,Monday,February
358-88-9262,2019-02-01 0:00:00,18:43:00,Ewallet,524.88,4.7619,26.244,5.1,evening,Friday,February
460-35-4390,2019-01-22 0:00:00,11:00:00,Ewallet,92.04,4.7619,4.602,9.1,morning,Tuesday,January
343-87-0864,2019-01-03 0:00:00,10:30:00,Credit card,75.88,4.7619,3.794,7.1,morning,Thursday,January
173-50-1108,2019-02-13 0:00:00,12:14:00,Credit card,80.72,4.7619,4.036,5,afternoon,Wednesday,February
243-47-2663,2019-01-28 0:00:00,16:43:00,Credit card,112.62,4.7619,5.631,5.5,evening,Monday,January
841-18-8232,2019-01-05 0:00:00,20:40:00,Credit card,71.2,4.7619,3.56,9.2,evening,Saturday,January
701-23-5550,2019-03-19 0:00:00,13:40:00,Ewallet,155.24,4.7619,7.762,4.9,afternoon,Tuesday,March
647-50-1224,2019-01-12 0:00:00,16:23:00,Ewallet,294.2,4.7619,14.71,8.9,evening,Saturday,January
541-48-8554,2019-01-07 0:00:00,12:08:00,Credit card,548.55,4.7619,27.4275,6,afternoon,Monday,January
539-21-7227,2019-01-26 0:00:00,17:45:00,Cash,257.7,4.7619,12.885,4.2,evening,Saturday,January
213-32-1216,2019-01-23 0:00:00,10:28:00,Cash,396.36,4.7619,19.818,7.3,morning,Wednesday,January
747-58-7183,2019-02-09 0:00:00,20:31:00,Ewallet,171.81,4.7619,8.5905,6.5,evening,Saturday,February
582-52-8065,2019-02-22 0:00:00,10:49:00,Cash,488.79,4.7619,24.4395,8.9,morning,Friday,February
210-57-1719,2019-02-05 0:00:00,12:34:00,Cash,524.16,4.7619,26.208,9.7,afternoon,Tuesday,February
399-69-4630,2019-03-07 0:00:00,10:23:00,Credit card,133.26,4.7619,6.663,8.6,morning,Thursday,March
134-75-2619,2019-03-25 0:00:00,18:51:00,Cash,135.24,4.7619,6.762,6.9,evening,Monday,March
356-44-8813,2019-01-20 0:00:00,13:45:00,Credit card,112.44,4.7619,5.622,7.7,afternoon,Sunday,January
198-66-9832,2019-02-04 0:00:00,19:38:00,Cash,144.08,4.7619,7.204,9.5,evening,Monday,February
283-26-5248,2019-01-30 0:00:00,20:23:00,Ewallet,985.2,4.7619,49.26,4.5,evening,Wednesday,January
712-39-0363,2019-01-02 0:00:00,15:24:00,Ewallet,249.96,4.7619,12.498,5.6,afternoon,Wednesday,January
218-59-9410,2019-03-29 0:00:00,16:54:00,Ewallet,217.26,4.7619,10.863,8.2,evening,Friday,March
174-75-0888,2019-03-14 0:00:00,12:32:00,Cash,194.22,4.7619,9.711,7.3,afternoon,Thursday,March
866-99-7614,2019-02-11 0:00:00,15:42:00,Credit card,892,4.7619,44.6,4.4,afternoon,Monday,February
134-54-4720,2019-01-30 0:00:00,13:58:00,Ewallet,339.36,4.7619,16.968,5.7,afternoon,Wednesday,January
760-90-2357,2019-03-20 0:00:00,15:08:00,Ewallet,447.06,4.7619,22.353,5,afternoon,Wednesday,March
514-37-2845,2019-03-20 0:00:00,13:02:00,Cash,198.5,4.7619,9.925,9,afternoon,Wednesday,March
698-98-5964,2019-01-17 0:00:00,13:01:00,Credit card,812.1,4.7619,40.605,6.3,afternoon,Thursday,January
718-57-9773,2019-02-03 0:00:00,16:40:00,Credit card,493.3,4.7619,24.665,9.4,evening,Sunday,February
651-88-7328,2019-01-01 0:00:00,13:55:00,Cash,591.66,4.7619,29.583,7.7,afternoon,Tuesday,January
241-11-2261,2019-01-10 0:00:00,10:33:00,Credit card,559.02,4.7619,27.951,5.5,morning,Thursday,January
408-26-9866,2019-03-02 0:00:00,16:42:00,Ewallet,517.86,4.7619,25.893,4.1,evening,Saturday,March
834-83-1826,2019-02-25 0:00:00,17:16:00,Credit card,410.2,4.7619,20.51,7.6,evening,Monday,February
343-61-3544,2019-01-29 0:00:00,11:48:00,Cash,266.7,4.7619,13.335,8.6,morning,Tuesday,January
239-48-4278,2019-03-10 0:00:00,19:35:00,Ewallet,70.91,4.7619,3.5455,8.3,evening,Sunday,March
355-34-6244,2019-01-13 0:00:00,19:55:00,Credit card,144.78,4.7619,7.239,8.1,evening,Sunday,January
550-84-8664,2019-03-22 0:00:00,14:33:00,Credit card,429.55,4.7619,21.4775,8.6,afternoon,Friday,March
339-96-8318,2019-03-01 0:00:00,19:49:00,Ewallet,569.17,4.7619,28.4585,6.3,evening,Friday,March
458-61-0011,2019-02-20 0:00:00,18:43:00,Cash,241.2,4.7619,12.06,5.8,evening,Wednesday,February
592-34-6155,2019-01-14 0:00:00,14:43:00,Ewallet,127.08,4.7619,6.354,6.2,afternoon,Monday,January
797-88-0493,2019-03-26 0:00:00,13:54:00,Cash,257.08,4.7619,12.854,7.7,afternoon,Tuesday,March
207-73-1363,2019-03-01 0:00:00,12:15:00,Ewallet,139.02,4.7619,6.951,8.1,afternoon,Friday,March
390-31-6381,2019-01-07 0:00:00,12:37:00,Cash,81.66,4.7619,4.083,7.3,afternoon,Monday,January
443-82-0585,2019-02-01 0:00:00,19:54:00,Cash,310.72,4.7619,15.536,8.4,evening,Friday,February
339-18-7061,2019-02-13 0:00:00,15:06:00,Credit card,185.96,4.7619,9.298,8,afternoon,Wednesday,February
359-90-3665,2019-01-14 0:00:00,18:03:00,Credit card,72.32,4.7619,3.616,9.5,evening,Monday,January
375-72-3056,2019-01-19 0:00:00,15:58:00,Ewallet,189.18,4.7619,9.459,7,afternoon,Saturday,January
127-47-6963,2019-03-09 0:00:00,13:53:00,Credit card,206.84,4.7619,10.342,9.8,afternoon,Saturday,March
278-86-2735,2019-03-27 0:00:00,14:03:00,Cash,157.02,4.7619,7.851,9.2,afternoon,Wednesday,March
695-28-6250,2019-02-04 0:00:00,16:38:00,Ewallet,215.3,4.7619,10.765,7.7,evening,Monday,February
379-17-6588,2019-03-14 0:00:00,11:07:00,Cash,596.1,4.7619,29.805,5.3,morning,Thursday,March
227-50-3718,2019-03-04 0:00:00,12:23:00,Cash,73.1,4.7619,3.655,4.4,afternoon,Monday,March
302-15-2162,2019-03-03 0:00:00,10:54:00,Credit card,279.18,4.7619,13.959,4.3,morning,Sunday,March
788-07-8452,2019-01-27 0:00:00,17:38:00,Ewallet,169.68,4.7619,8.484,9.4,evening,Sunday,January
560-49-6611,2019-02-07 0:00:00,14:13:00,Cash,45.58,4.7619,2.279,9.8,afternoon,Thursday,February
880-35-0356,2019-02-05 0:00:00,11:51:00,Ewallet,225.6,4.7619,11.28,4.8,morning,Tuesday,February
585-11-6748,2019-03-15 0:00:00,13:05:00,Cash,290.4,4.7619,14.52,5.3,afternoon,Friday,March
470-31-3286,2019-03-01 0:00:00,11:30:00,Credit card,44.46,4.7619,2.223,8.7,morning,Friday,March
152-68-2907,2019-02-15 0:00:00,13:30:00,Credit card,156.6,4.7619,7.83,9.5,afternoon,Friday,February
123-35-4896,2019-02-17 0:00:00,19:11:00,Ewallet,419.94,4.7619,20.997,5.3,evening,Sunday,February
258-69-7810,2019-01-26 0:00:00,18:53:00,Cash,184.25,4.7619,9.2125,9.2,evening,Saturday,January
334-64-2006,2019-03-24 0:00:00,14:22:00,Ewallet,140.64,4.7619,7.032,9.6,afternoon,Sunday,March
219-61-4139,2019-01-23 0:00:00,17:16:00,Ewallet,83.08,4.7619,4.154,6.4,evening,Wednesday,January
881-41-7302,2019-01-26 0:00:00,10:06:00,Credit card,64.99,4.7619,3.2495,4.5,morning,Saturday,January
373-09-4567,2019-03-14 0:00:00,20:35:00,Ewallet,775.6,4.7619,38.78,6.9,evening,Thursday,March
642-30-6693,2019-03-17 0:00:00,13:54:00,Ewallet,327.06,4.7619,16.353,7.8,afternoon,Sunday,March
484-22-8230,2019-01-08 0:00:00,20:08:00,Cash,363.23,4.7619,18.1615,4.5,evening,Tuesday,January
830-58-2383,2019-02-08 0:00:00,15:26:00,Cash,127,4.7619,6.35,8.6,afternoon,Friday,February
559-98-9873,2019-02-10 0:00:00,12:56:00,Ewallet,375.55,4.7619,18.7775,5.2,afternoon,Sunday,February
544-32-5024,2019-03-28 0:00:00,19:16:00,Credit card,199.16,4.7619,9.958,6.4,evening,Thursday,March
318-12-0304,2019-01-23 0:00:00,12:20:00,Ewallet,30.61,4.7619,1.5305,5.2,afternoon,Wednesday,January
349-97-8902,2019-01-17 0:00:00,10:37:00,Ewallet,115.78,4.7619,5.789,8.9,morning,Thursday,January
421-95-9805,2019-02-07 0:00:00,10:18:00,Credit card,28.96,4.7619,1.448,6.2,morning,Thursday,February
277-35-5865,2019-03-09 0:00:00,11:23:00,Cash,890.73,4.7619,44.5365,6.7,morning,Saturday,March
789-23-8625,2019-01-24 0:00:00,11:45:00,Cash,279.66,4.7619,13.983,7.2,morning,Thursday,January
284-54-4231,2019-01-19 0:00:00,16:08:00,Credit card,80.93,4.7619,4.0465,9,evening,Saturday,January
443-59-0061,2019-02-03 0:00:00,11:25:00,Ewallet,674.5,4.7619,33.725,4.2,morning,Sunday,February
509-29-3912,2019-03-20 0:00:00,12:24:00,Ewallet,348.48,4.7619,17.424,4.2,afternoon,Wednesday,March
327-40-9673,2019-01-13 0:00:00,19:51:00,Cash,435.6,4.7619,21.78,6.9,evening,Sunday,January
840-19-2096,2019-03-14 0:00:00,18:10:00,Ewallet,439.55,4.7619,21.9775,4.4,evening,Thursday,March
828-46-6863,2019-01-23 0:00:00,11:22:00,Credit card,591.18,4.7619,29.559,4,morning,Wednesday,January
641-96-3695,2019-02-07 0:00:00,17:55:00,Ewallet,260.76,4.7619,13.038,8.5,evening,Thursday,February
420-97-3340,2019-03-28 0:00:00,15:30:00,Credit card,215.04,4.7619,10.752,9.2,afternoon,Thursday,March
436-54-4512,2019-03-20 0:00:00,19:44:00,Cash,91.61,4.7619,4.5805,9.8,evening,Wednesday,March
670-79-6321,2019-01-17 0:00:00,15:27:00,Credit card,662.13,4.7619,33.1065,4.9,afternoon,Thursday,January
852-62-7105,2019-01-12 0:00:00,11:25:00,Credit card,832.5,4.7619,41.625,4.4,morning,Saturday,January
598-06-7312,2019-02-16 0:00:00,15:42:00,Cash,91.35,4.7619,4.5675,6.8,afternoon,Saturday,February
135-13-8269,2019-01-26 0:00:00,16:04:00,Cash,157.76,4.7619,7.888,9.1,evening,Saturday,January
816-57-2053,2019-03-09 0:00:00,12:37:00,Ewallet,121.74,4.7619,6.087,8.7,afternoon,Saturday,March
628-90-8624,2019-03-14 0:00:00,14:41:00,Cash,825.8,4.7619,41.29,5,afternoon,Thursday,March
856-66-2701,2019-01-25 0:00:00,14:19:00,Ewallet,159.9,4.7619,7.995,7.5,afternoon,Friday,January
308-39-1707,2019-01-26 0:00:00,18:19:00,Credit card,12.09,4.7619,0.6045,8.2,evening,Saturday,January
149-61-1929,2019-01-19 0:00:00,14:08:00,Credit card,641.9,4.7619,32.095,6.7,afternoon,Saturday,January
655-07-2265,2019-03-05 0:00:00,16:38:00,Ewallet,234.93,4.7619,11.7465,5.4,evening,Tuesday,March
589-02-8023,2019-01-15 0:00:00,10:54:00,Credit card,167.54,4.7619,8.377,7,morning,Tuesday,January
420-04-7590,2019-03-18 0:00:00,11:29:00,Ewallet,299.1,4.7619,14.955,4.7,morning,Monday,March
182-88-2763,2019-03-20 0:00:00,19:28:00,Credit card,239.73,4.7619,11.9865,5,evening,Wednesday,March
188-55-0967,2019-01-15 0:00:00,15:01:00,Credit card,664.7,4.7619,33.235,5,afternoon,Tuesday,January
610-46-4100,2019-03-03 0:00:00,20:31:00,Credit card,202.65,4.7619,10.1325,6,evening,Sunday,March
318-81-2368,2019-03-19 0:00:00,12:16:00,Cash,46.2,4.7619,2.31,6.3,afternoon,Tuesday,March
364-33-8584,2019-03-08 0:00:00,15:27:00,Cash,88.15,4.7619,4.4075,8.5,afternoon,Friday,March
665-63-9737,2019-02-27 0:00:00,17:36:00,Ewallet,157.26,4.7619,7.863,7.5,evening,Wednesday,February
695-09-5146,2019-02-23 0:00:00,20:00:00,Ewallet,296.37,4.7619,14.8185,6.4,evening,Saturday,February
155-45-3814,2019-03-19 0:00:00,15:29:00,Ewallet,708.4,4.7619,35.42,4.7,afternoon,Tuesday,March
794-32-2436,2019-03-27 0:00:00,15:08:00,Ewallet,111.34,4.7619,5.567,6,afternoon,Wednesday,March
131-15-8856,2019-03-30 0:00:00,19:26:00,Credit card,580.16,4.7619,29.008,4,evening,Saturday,March
273-84-2164,2019-02-16 0:00:00,15:53:00,Ewallet,60.25,4.7619,3.0125,5.5,afternoon,Saturday,February
706-36-6154,2019-01-18 0:00:00,18:43:00,Ewallet,174.24,4.7619,8.712,8.7,evening,Friday,January
778-89-7974,2019-03-30 0:00:00,14:58:00,Cash,421.26,4.7619,21.063,7.4,afternoon,Saturday,March
574-31-8277,2019-03-20 0:00:00,19:55:00,Cash,33.63,4.7619,1.6815,5.6,evening,Wednesday,March
859-71-0933,2019-01-16 0:00:00,15:10:00,Cash,30.98,4.7619,1.549,6.3,afternoon,Wednesday,January
740-11-5257,2019-02-24 0:00:00,16:44:00,Cash,247.4,4.7619,12.37,7.1,evening,Sunday,February
369-82-2676,2019-01-15 0:00:00,18:22:00,Ewallet,378.3,4.7619,18.915,7.8,evening,Tuesday,January
563-47-4072,2019-01-22 0:00:00,11:52:00,Cash,334.86,4.7619,16.743,9.9,morning,Tuesday,January
742-04-5161,2019-02-03 0:00:00,17:24:00,Cash,727.8,4.7619,36.39,7.3,evening,Sunday,February
149-15-7606,2019-03-06 0:00:00,15:31:00,Ewallet,335.88,4.7619,16.794,5.1,afternoon,Wednesday,March
133-77-3154,2019-02-16 0:00:00,18:04:00,Credit card,240.72,4.7619,12.036,9.4,evening,Saturday,February
169-52-4504,2019-03-14 0:00:00,14:13:00,Credit card,47.07,4.7619,2.3535,5.8,afternoon,Thursday,March
250-81-7186,2019-02-27 0:00:00,10:23:00,Credit card,99.69,4.7619,4.9845,8,morning,Wednesday,February
562-12-5430,2019-01-18 0:00:00,10:11:00,Ewallet,264.45,4.7619,13.2225,7.9,morning,Friday,January
816-72-8853,2019-01-29 0:00:00,15:48:00,Cash,139.65,4.7619,6.9825,5.9,afternoon,Tuesday,January
491-38-3499,2019-02-26 0:00:00,17:46:00,Credit card,55.45,4.7619,2.7725,4.9,evening,Tuesday,February
322-02-2271,2019-02-03 0:00:00,11:46:00,Cash,128.91,4.7619,6.4455,9.3,morning,Sunday,February
842-29-4695,2019-01-16 0:00:00,12:07:00,Credit card,119.98,4.7619,5.999,7.9,afternoon,Wednesday,January
725-67-2480,2019-03-24 0:00:00,18:14:00,Credit card,352.5,4.7619,17.625,5.9,evening,Sunday,March
641-51-2661,2019-02-12 0:00:00,14:45:00,Credit card,871,4.7619,43.55,9.9,afternoon,Tuesday,February
714-02-3114,2019-02-21 0:00:00,11:39:00,Cash,197.6,4.7619,9.88,7.7,morning,Thursday,February
518-17-2983,2019-02-04 0:00:00,15:44:00,Ewallet,194.52,4.7619,9.726,7.6,afternoon,Monday,February
779-42-2410,2019-02-20 0:00:00,13:06:00,Ewallet,173.22,4.7619,8.661,7.7,afternoon,Wednesday,February
190-14-3147,2019-02-23 0:00:00,20:43:00,Ewallet,71.88,4.7619,3.594,6.4,evening,Saturday,February
408-66-6712,2019-02-16 0:00:00,14:19:00,Ewallet,286.26,4.7619,14.313,4.4,afternoon,Saturday,February
679-22-6530,2019-01-17 0:00:00,10:01:00,Credit card,81.24,4.7619,4.062,4.1,morning,Thursday,January
588-47-8641,2019-01-14 0:00:00,19:30:00,Ewallet,560.4,4.7619,28.02,4.4,evening,Monday,January
642-61-4706,2019-03-30 0:00:00,16:34:00,Cash,186.8,4.7619,9.34,5.5,evening,Saturday,March
576-31-4774,2019-03-02 0:00:00,13:10:00,Ewallet,220.23,4.7619,11.0115,4,afternoon,Saturday,March
556-41-6224,2019-02-15 0:00:00,17:10:00,Credit card,269.12,4.7619,13.456,9.3,evening,Friday,February
811-03-8790,2019-03-01 0:00:00,10:22:00,Credit card,454.8,4.7619,22.74,4.8,morning,Friday,March
242-11-3142,2019-02-24 0:00:00,19:57:00,Cash,167.54,4.7619,8.377,4.6,evening,Sunday,February
752-23-3760,2019-02-19 0:00:00,19:29:00,Credit card,448.56,4.7619,22.428,7.3,evening,Tuesday,February
274-05-5470,2019-02-23 0:00:00,18:30:00,Cash,293.88,4.7619,14.694,6,evening,Saturday,February
648-94-3045,2019-02-07 0:00:00,14:27:00,Ewallet,589.5,4.7619,29.475,8.1,afternoon,Thursday,February
130-67-4723,2019-01-11 0:00:00,13:57:00,Ewallet,291,4.7619,14.55,9.4,afternoon,Friday,January
528-87-5606,2019-02-12 0:00:00,19:43:00,Cash,39.48,4.7619,1.974,6.5,evening,Tuesday,February
320-85-2052,2019-01-14 0:00:00,10:11:00,Credit card,34.81,4.7619,1.7405,7,morning,Monday,January
370-96-0655,2019-01-09 0:00:00,13:46:00,Ewallet,295.92,4.7619,14.796,7.1,afternoon,Wednesday,January
105-10-6182,2019-02-27 0:00:00,12:22:00,Ewallet,42.96,4.7619,2.148,6.6,afternoon,Wednesday,February
510-79-0415,2019-01-24 0:00:00,19:20:00,Ewallet,138.48,4.7619,6.924,4.9,evening,Thursday,January
241-96-5076,2019-01-08 0:00:00,12:58:00,Credit card,98.2,4.7619,4.91,6.4,afternoon,Tuesday,January
767-97-4650,2019-01-08 0:00:00,11:59:00,Credit card,129.66,4.7619,6.483,8,morning,Tuesday,January
648-83-1321,2019-01-16 0:00:00,17:59:00,Cash,635.6,4.7619,31.78,4.3,evening,Wednesday,January
173-57-2300,2019-03-13 0:00:00,12:51:00,Cash,145.76,4.7619,7.288,6.1,afternoon,Wednesday,March
305-03-2383,2019-02-15 0:00:00,10:36:00,Cash,201.3,4.7619,10.065,7.5,morning,Friday,February
394-55-6384,2019-01-25 0:00:00,13:38:00,Cash,631.71,4.7619,31.5855,6.7,afternoon,Friday,January
266-20-6657,2019-03-12 0:00:00,19:39:00,Ewallet,385.28,4.7619,19.264,5.2,evening,Tuesday,March
689-05-1884,2019-03-04 0:00:00,12:44:00,Cash,486.3,4.7619,24.315,8.8,afternoon,Monday,March
196-01-2849,2019-02-10 0:00:00,13:56:00,Cash,513.66,4.7619,25.683,9.5,afternoon,Sunday,February
372-62-5264,2019-01-16 0:00:00,14:42:00,Cash,473.4,4.7619,23.67,7.6,afternoon,Wednesday,January
800-09-8606,2019-01-29 0:00:00,19:45:00,Cash,436.85,4.7619,21.8425,6.6,evening,Tuesday,January
182-52-7000,2019-01-01 0:00:00,20:26:00,Ewallet,108.16,4.7619,5.408,6.9,evening,Tuesday,January
826-58-8051,2019-01-06 0:00:00,19:46:00,Ewallet,248.76,4.7619,12.438,4.3,evening,Sunday,January
868-06-0466,2019-02-19 0:00:00,19:38:00,Credit card,626.22,4.7619,31.311,7.8,evening,Tuesday,February
751-41-9720,2019-01-12 0:00:00,16:18:00,Ewallet,975,4.7619,48.75,8,evening,Saturday,January
626-43-7888,2019-02-07 0:00:00,12:23:00,Ewallet,483.28,4.7619,24.164,9.6,afternoon,Thursday,February
176-64-7711,2019-03-27 0:00:00,19:11:00,Credit card,96.96,4.7619,4.848,4.3,evening,Wednesday,March
191-29-0321,2019-02-27 0:00:00,18:57:00,Credit card,197.7,4.7619,9.885,5,evening,Wednesday,February
729-06-2010,2019-01-06 0:00:00,11:18:00,Cash,724.23,4.7619,36.2115,9.2,morning,Sunday,January
640-48-5028,2019-03-02 0:00:00,12:40:00,Cash,795.51,4.7619,39.7755,6.3,afternoon,Saturday,March
186-79-9562,2019-03-29 0:00:00,14:06:00,Cash,502.39,4.7619,25.1195,8.9,afternoon,Friday,March
834-45-5519,2019-01-31 0:00:00,20:48:00,Ewallet,172,4.7619,8.6,7.6,evening,Thursday,January
162-65-8559,2019-01-21 0:00:00,20:13:00,Cash,68.98,4.7619,3.449,4.8,evening,Monday,January
760-27-5490,2019-01-20 0:00:00,20:37:00,Ewallet,124.96,4.7619,6.248,9.1,evening,Sunday,January
445-30-9252,2019-01-17 0:00:00,17:59:00,Ewallet,77.1,4.7619,3.855,6.1,evening,Thursday,January
786-94-2700,2019-02-28 0:00:00,20:18:00,Cash,483.72,4.7619,24.186,9.1,evening,Thursday,February
728-88-7867,2019-03-19 0:00:00,15:52:00,Ewallet,302.12,4.7619,15.106,8.3,afternoon,Tuesday,March
183-21-3799,2019-02-19 0:00:00,15:14:00,Ewallet,698.67,4.7619,34.9335,7.2,afternoon,Tuesday,February
268-20-3585,2019-02-04 0:00:00,12:50:00,Ewallet,124.65,4.7619,6.2325,6,afternoon,Monday,February
735-32-9839,2019-01-31 0:00:00,10:36:00,Ewallet,789.6,4.7619,39.48,8.5,morning,Thursday,January
258-92-7466,2019-02-06 0:00:00,18:33:00,Credit card,178.4,4.7619,8.92,6.6,evening,Wednesday,February
857-16-3520,2019-03-28 0:00:00,16:06:00,Ewallet,500.22,4.7619,25.011,4.5,evening,Thursday,March
482-17-1179,2019-01-19 0:00:00,12:47:00,Credit card,35.82,4.7619,1.791,8.1,afternoon,Saturday,January
788-21-5741,2019-02-17 0:00:00,13:34:00,Credit card,136.14,4.7619,6.807,7.2,afternoon,Sunday,February
821-14-9046,2019-01-18 0:00:00,15:04:00,Credit card,104.88,4.7619,5.244,6.1,afternoon,Friday,January
418-05-0656,2019-02-02 0:00:00,20:42:00,Cash,178.92,4.7619,8.946,7.1,evening,Saturday,February
678-79-0726,2019-01-18 0:00:00,15:28:00,Cash,815.67,4.7619,40.7835,5.1,afternoon,Friday,January
776-68-1096,2019-03-18 0:00:00,13:45:00,Credit card,132.36,4.7619,6.618,7.9,afternoon,Monday,March
592-46-1692,2019-01-11 0:00:00,20:10:00,Cash,257.39,4.7619,12.8695,7.4,evening,Friday,January
434-35-9162,2019-02-04 0:00:00,18:53:00,Ewallet,93.36,4.7619,4.668,7.4,evening,Monday,February
149-14-0304,2019-02-06 0:00:00,14:24:00,Cash,228,4.7619,11.4,6.6,afternoon,Wednesday,February
442-44-6497,2019-01-08 0:00:00,11:42:00,Credit card,166.71,4.7619,8.3355,5.9,morning,Tuesday,January
174-64-0215,2019-03-05 0:00:00,17:49:00,Credit card,697.4,4.7619,34.87,8.9,evening,Tuesday,March
210-74-9613,2019-03-16 0:00:00,15:33:00,Ewallet,389.04,4.7619,19.452,6.8,afternoon,Saturday,March
299-29-0180,2019-03-09 0:00:00,10:54:00,Cash,365.26,4.7619,18.263,9.3,morning,Saturday,March
247-11-2470,2019-03-01 0:00:00,16:23:00,Credit card,89.28,4.7619,4.464,4.4,evening,Friday,March
635-28-5728,2019-02-28 0:00:00,19:33:00,Ewallet,168,4.7619,8.4,4.8,evening,Thursday,February
756-49-0168,2019-02-08 0:00:00,11:39:00,Ewallet,19.7,4.7619,0.985,9.5,morning,Friday,February
438-23-1242,2019-01-24 0:00:00,10:38:00,Ewallet,531.16,4.7619,26.558,8.9,morning,Thursday,January
238-45-6950,2019-03-01 0:00:00,20:03:00,Ewallet,53.72,4.7619,2.686,6.4,evening,Friday,March
607-65-2441,2019-03-10 0:00:00,12:39:00,Credit card,819.5,4.7619,40.975,6,afternoon,Sunday,March
386-27-7606,2019-03-23 0:00:00,15:59:00,Credit card,568.4,4.7619,28.42,8.1,afternoon,Saturday,March
137-63-5492,2019-01-29 0:00:00,14:26:00,Ewallet,587.6,4.7619,29.38,9,afternoon,Tuesday,January
197-77-7132,2019-01-12 0:00:00,18:22:00,Ewallet,732.48,4.7619,36.624,6,evening,Saturday,January
805-86-0265,2019-03-20 0:00:00,11:32:00,Cash,845.64,4.7619,42.282,9.8,morning,Wednesday,March
733-29-1227,2019-03-23 0:00:00,12:41:00,Cash,389.27,4.7619,19.4635,8.5,afternoon,Saturday,March
451-73-2711,2019-01-14 0:00:00,15:20:00,Ewallet,84.83,4.7619,4.2415,8.8,afternoon,Monday,January
373-14-0504,2019-02-12 0:00:00,14:33:00,Ewallet,143.26,4.7619,7.163,8.8,afternoon,Tuesday,February
546-80-2899,2019-02-20 0:00:00,15:29:00,Ewallet,75.38,4.7619,3.769,9.5,afternoon,Wednesday,February
345-68-9016,2019-01-02 0:00:00,16:19:00,Credit card,253.36,4.7619,12.668,5.6,evening,Wednesday,January
390-17-5806,2019-02-02 0:00:00,16:33:00,Cash,38.42,4.7619,1.921,8.6,evening,Saturday,February
457-13-1708,2019-01-08 0:00:00,19:07:00,Credit card,652.3,4.7619,32.615,5.2,evening,Tuesday,January
664-14-2882,2019-01-30 0:00:00,14:43:00,Credit card,52.65,4.7619,2.6325,5.8,afternoon,Wednesday,January
487-79-6868,2019-03-26 0:00:00,19:28:00,Credit card,110.61,4.7619,5.5305,8,evening,Tuesday,March
314-23-4520,2019-01-15 0:00:00,20:44:00,Cash,568.61,4.7619,28.4305,9,evening,Tuesday,January
210-30-7976,2019-03-14 0:00:00,11:16:00,Ewallet,89.28,4.7619,4.464,4.1,morning,Thursday,March
585-86-8361,2019-02-03 0:00:00,10:31:00,Credit card,136.4,4.7619,6.82,8.6,morning,Sunday,February
807-14-7833,2019-02-22 0:00:00,12:30:00,Ewallet,174.2,4.7619,8.71,7,afternoon,Friday,February
775-72-1988,2019-01-24 0:00:00,15:05:00,Ewallet,366.4,4.7619,18.32,8.4,afternoon,Thursday,January
288-38-3758,2019-01-25 0:00:00,18:30:00,Ewallet,254.61,4.7619,12.7305,7.4,evening,Friday,January
652-43-6591,2019-03-09 0:00:00,13:18:00,Credit card,778.32,4.7619,38.916,6.2,afternoon,Saturday,March
785-96-0615,2019-02-17 0:00:00,15:28:00,Ewallet,285.92,4.7619,14.296,4.9,afternoon,Sunday,February
406-46-7107,2019-01-11 0:00:00,11:52:00,Cash,579.12,4.7619,28.956,4.5,morning,Friday,January
250-17-5703,2019-02-27 0:00:00,18:24:00,Ewallet,188.5,4.7619,9.425,5.6,evening,Wednesday,February
156-95-3964,2019-03-25 0:00:00,15:19:00,Ewallet,221.56,4.7619,11.078,8,afternoon,Monday,March
842-40-8179,2019-02-11 0:00:00,10:38:00,Credit card,772,4.7619,38.6,5.6,morning,Monday,February
525-09-8450,2019-01-31 0:00:00,15:12:00,Credit card,721.3,4.7619,36.065,4.2,afternoon,Thursday,January
410-67-1709,2019-01-20 0:00:00,17:48:00,Ewallet,511.04,4.7619,25.552,9.9,evening,Sunday,January
587-73-4862,2019-03-26 0:00:00,11:07:00,Ewallet,53.45,4.7619,2.6725,7.6,morning,Tuesday,March
787-87-2010,2019-01-20 0:00:00,15:48:00,Credit card,222,4.7619,11.1,6.6,afternoon,Sunday,January
593-14-4239,2019-03-05 0:00:00,19:40:00,Ewallet,763.68,4.7619,38.184,4.7,evening,Tuesday,March
801-88-0346,2019-01-05 0:00:00,20:30:00,Credit card,228.18,4.7619,11.409,9.8,evening,Saturday,January
388-76-2555,2019-02-13 0:00:00,13:59:00,Cash,82.14,4.7619,4.107,6.3,afternoon,Wednesday,February
711-31-1234,2019-03-16 0:00:00,18:51:00,Cash,382.56,4.7619,19.128,7.9,evening,Saturday,March
886-54-6089,2019-01-15 0:00:00,17:24:00,Cash,68.58,4.7619,3.429,7.7,evening,Tuesday,January
707-32-7409,2019-02-26 0:00:00,11:58:00,Ewallet,382.16,4.7619,19.108,4.5,morning,Tuesday,February
759-98-4285,2019-02-27 0:00:00,19:01:00,Credit card,601.09,4.7619,30.0545,8,evening,Wednesday,February
201-63-8275,2019-02-17 0:00:00,16:50:00,Ewallet,475.93,4.7619,23.7965,5.7,evening,Sunday,February
471-06-8611,2019-02-06 0:00:00,10:22:00,Credit card,52.42,4.7619,2.621,6.3,morning,Wednesday,February
200-16-5952,2019-01-17 0:00:00,16:46:00,Cash,131.3,4.7619,6.565,6,evening,Thursday,January
120-54-2248,2019-01-22 0:00:00,18:08:00,Credit card,144.3,4.7619,7.215,8,evening,Tuesday,January
102-77-2261,2019-03-05 0:00:00,18:02:00,Credit card,457.17,4.7619,22.8585,4.2,evening,Tuesday,March
875-31-8302,2019-01-03 0:00:00,13:07:00,Cash,93.38,4.7619,4.669,9.6,afternoon,Thursday,January
102-06-2002,2019-03-20 0:00:00,17:52:00,Cash,126.25,4.7619,6.3125,6.1,evening,Wednesday,March
457-94-0464,2019-01-31 0:00:00,20:32:00,Ewallet,790.83,4.7619,39.5415,5.6,evening,Thursday,January
629-42-4133,2019-02-19 0:00:00,19:24:00,Cash,174.4,4.7619,8.72,8.3,evening,Tuesday,February
534-53-3526,2019-02-11 0:00:00,16:06:00,Ewallet,379.04,4.7619,18.952,7.8,evening,Monday,February
307-04-2070,2019-02-05 0:00:00,14:14:00,Credit card,30.62,4.7619,1.531,4.1,afternoon,Tuesday,February
468-99-7231,2019-03-03 0:00:00,17:36:00,Cash,352.08,4.7619,17.604,8.8,evening,Sunday,March
516-77-6464,2019-02-24 0:00:00,13:08:00,Ewallet,50.8,4.7619,2.54,4.1,afternoon,Sunday,February
404-91-5964,2019-02-04 0:00:00,16:09:00,Credit card,522.06,4.7619,26.103,9,evening,Monday,February
886-77-9084,2019-02-19 0:00:00,11:33:00,Ewallet,575.12,4.7619,28.756,5.5,morning,Tuesday,February
790-38-4466,2019-01-23 0:00:00,10:18:00,Credit card,54.95,4.7619,2.7475,9.3,morning,Wednesday,January
704-10-4056,2019-01-14 0:00:00,10:55:00,Credit card,181.41,4.7619,9.0705,5.6,morning,Monday,January
497-37-6538,2019-01-17 0:00:00,15:15:00,Ewallet,412.37,4.7619,20.6185,9.7,afternoon,Thursday,January
651-96-5970,2019-03-03 0:00:00,20:06:00,Credit card,46.41,4.7619,2.3205,4,evening,Sunday,March
400-80-4065,2019-02-15 0:00:00,20:21:00,Credit card,274.2,4.7619,13.71,9.2,evening,Friday,February
744-16-7898,2019-01-15 0:00:00,13:48:00,Credit card,973.7,4.7619,48.685,4.9,afternoon,Tuesday,January
263-12-5321,2019-02-27 0:00:00,12:52:00,Credit card,648.2,4.7619,32.41,9.3,afternoon,Wednesday,February
702-72-0487,2019-02-26 0:00:00,12:28:00,Credit card,93.22,4.7619,4.661,6.6,afternoon,Tuesday,February
605-83-1050,2019-03-15 0:00:00,16:26:00,Ewallet,54.36,4.7619,2.718,4.3,evening,Friday,March
443-60-9639,2019-01-24 0:00:00,13:24:00,Cash,60.87,4.7619,3.0435,5.5,afternoon,Thursday,January
864-24-7918,2019-02-22 0:00:00,15:15:00,Cash,244.9,4.7619,12.245,8.1,afternoon,Friday,February
359-94-5395,2019-03-15 0:00:00,10:50:00,Credit card,92.78,4.7619,4.639,9.8,morning,Friday,March
401-09-4232,2019-02-11 0:00:00,18:38:00,Ewallet,433.45,4.7619,21.6725,9.4,evening,Monday,February
751-15-6198,2019-01-12 0:00:00,16:45:00,Ewallet,138.06,4.7619,6.903,7.9,evening,Saturday,January
324-41-6833,2019-03-03 0:00:00,19:30:00,Ewallet,241.6,4.7619,12.08,5.1,evening,Sunday,March
474-33-8305,2019-03-23 0:00:00,13:23:00,Ewallet,471.73,4.7619,23.5865,6.9,afternoon,Saturday,March
759-29-9521,2019-03-04 0:00:00,11:27:00,Cash,440.64,4.7619,22.032,8,morning,Monday,March
831-81-6575,2019-02-23 0:00:00,11:12:00,Cash,680.31,4.7619,34.0155,8,morning,Saturday,February
220-68-6701,2019-03-17 0:00:00,16:36:00,Cash,309.88,4.7619,15.494,4.2,evening,Sunday,March
618-34-8551,2019-01-16 0:00:00,18:41:00,Credit card,186.36,4.7619,9.318,8.5,evening,Wednesday,January
257-60-7754,2019-01-08 0:00:00,17:12:00,Cash,200.92,4.7619,10.046,9,evening,Tuesday,January
559-61-5987,2019-01-14 0:00:00,10:38:00,Cash,17.75,4.7619,0.8875,8.6,morning,Monday,January
189-55-2313,2019-01-31 0:00:00,10:33:00,Ewallet,621.8,4.7619,31.09,6,morning,Thursday,January
565-91-4567,2019-03-15 0:00:00,14:38:00,Ewallet,86,4.7619,4.3,6.2,afternoon,Friday,March
380-60-5336,2019-02-24 0:00:00,18:06:00,Credit card,402.6,4.7619,20.13,5,evening,Sunday,February
815-04-6282,2019-02-08 0:00:00,12:52:00,Credit card,324.85,4.7619,16.2425,6.5,afternoon,Friday,February
674-56-6360,2019-03-22 0:00:00,14:00:00,Cash,95.15,4.7619,4.7575,6,afternoon,Friday,March
778-34-2523,2019-01-24 0:00:00,10:57:00,Cash,388.96,4.7619,19.448,5,morning,Thursday,January
499-27-7781,2019-03-14 0:00:00,16:45:00,Ewallet,425.68,4.7619,21.284,5,evening,Thursday,March
477-59-2456,2019-01-23 0:00:00,11:15:00,Cash,318.08,4.7619,15.904,9.2,morning,Wednesday,January
832-51-6761,2019-01-19 0:00:00,20:29:00,Ewallet,271.04,4.7619,13.552,9.6,evening,Saturday,January
869-11-3082,2019-01-27 0:00:00,20:03:00,Credit card,384.64,4.7619,19.232,8.4,evening,Sunday,January
190-59-3964,2019-02-03 0:00:00,14:35:00,Credit card,235.8,4.7619,11.79,6,afternoon,Sunday,February
366-43-6862,2019-03-25 0:00:00,16:32:00,Ewallet,211.56,4.7619,10.578,6.7,evening,Monday,March
186-43-8965,2019-02-24 0:00:00,10:10:00,Credit card,95.36,4.7619,4.768,4.1,morning,Sunday,February
784-21-9238,2019-02-07 0:00:00,14:15:00,Cash,10.17,4.7619,0.5085,5.9,afternoon,Thursday,February
276-75-6884,2019-03-04 0:00:00,10:05:00,Cash,206.13,4.7619,10.3065,8.7,morning,Monday,March
109-86-4363,2019-02-14 0:00:00,11:36:00,Credit card,420.56,4.7619,21.028,4.5,morning,Thursday,February
569-76-2760,2019-01-29 0:00:00,18:15:00,Credit card,88.04,4.7619,4.402,6.6,evening,Tuesday,January
222-42-0244,2019-01-28 0:00:00,13:53:00,Credit card,648.99,4.7619,32.4495,7.7,afternoon,Monday,January
760-53-9233,2019-03-26 0:00:00,18:37:00,Credit card,123.84,4.7619,6.192,8.5,evening,Tuesday,March
538-22-0304,2019-03-24 0:00:00,18:27:00,Cash,649.5,4.7619,32.475,5.2,evening,Sunday,March
416-17-9926,2019-01-01 0:00:00,14:42:00,Credit card,742.2,4.7619,37.11,4.3,afternoon,Tuesday,January
237-44-6163,2019-01-24 0:00:00,17:43:00,Cash,84.48,4.7619,4.224,7.6,evening,Thursday,January
636-17-0325,2019-02-25 0:00:00,18:37:00,Cash,250.28,4.7619,12.514,9.5,evening,Monday,February
343-75-9322,2019-01-09 0:00:00,16:34:00,Cash,94.8,4.7619,4.74,4.1,evening,Wednesday,January
528-14-9470,2019-02-14 0:00:00,14:42:00,Ewallet,91.3,4.7619,4.565,9.2,afternoon,Thursday,February
427-45-9297,2019-03-12 0:00:00,11:01:00,Ewallet,285.11,4.7619,14.2555,5.4,morning,Tuesday,March
807-34-3742,2019-03-26 0:00:00,19:44:00,Cash,52.38,4.7619,2.619,5.8,evening,Tuesday,March
288-62-1085,2019-01-09 0:00:00,13:34:00,Ewallet,192.7,4.7619,9.635,5.6,afternoon,Wednesday,January
670-71-7306,2019-01-02 0:00:00,20:08:00,Credit card,267.78,4.7619,13.389,5.1,evening,Wednesday,January
660-29-7083,2019-01-15 0:00:00,15:01:00,Cash,558.7,4.7619,27.935,5.8,afternoon,Tuesday,January
271-77-8740,2019-01-01 0:00:00,11:40:00,Ewallet,175.32,4.7619,8.766,5,morning,Tuesday,January
497-36-0989,2019-02-15 0:00:00,15:21:00,Cash,155.82,4.7619,7.791,7.9,afternoon,Friday,February
291-59-1384,2019-02-28 0:00:00,17:38:00,Cash,60.3,4.7619,3.015,6,evening,Thursday,February
860-73-6466,2019-03-02 0:00:00,16:16:00,Credit card,78.94,4.7619,3.947,5,evening,Saturday,March
549-23-9016,2019-02-13 0:00:00,18:15:00,Credit card,29.74,4.7619,1.487,8.9,evening,Wednesday,February
896-34-0956,2019-01-26 0:00:00,12:43:00,Cash,21.32,4.7619,1.066,5.9,afternoon,Saturday,January
804-38-3935,2019-01-30 0:00:00,11:32:00,Credit card,281.34,4.7619,14.067,5.9,morning,Wednesday,January
585-90-0249,2019-01-27 0:00:00,18:08:00,Ewallet,73.26,4.7619,3.663,9.7,evening,Sunday,January
862-29-5914,2019-01-30 0:00:00,17:08:00,Credit card,22.38,4.7619,1.119,8.6,evening,Wednesday,January
845-94-6841,2019-01-08 0:00:00,19:38:00,Cash,655.92,4.7619,32.796,4,evening,Tuesday,January
125-45-2293,2019-01-19 0:00:00,13:11:00,Cash,594.6,4.7619,29.73,4.2,afternoon,Saturday,January
843-73-4724,2019-01-25 0:00:00,11:05:00,Cash,74.1,4.7619,3.705,9.2,morning,Friday,January
409-33-9708,2019-02-19 0:00:00,10:12:00,Ewallet,196.96,4.7619,9.848,9.2,morning,Tuesday,February
658-66-3967,2019-01-14 0:00:00,15:42:00,Ewallet,372.33,4.7619,18.6165,5,afternoon,Monday,January
866-70-2814,2019-02-25 0:00:00,11:58:00,Ewallet,527.9,4.7619,26.395,10,morning,Monday,February
160-22-2687,2019-01-23 0:00:00,14:21:00,Ewallet,479.75,4.7619,23.9875,8.8,afternoon,Wednesday,January
895-03-6665,2019-02-16 0:00:00,10:52:00,Cash,328.59,4.7619,16.4295,4.2,morning,Saturday,February
770-42-8960,2019-01-01 0:00:00,19:31:00,Cash,168.96,4.7619,8.448,6.3,evening,Tuesday,January
748-45-2862,2019-03-07 0:00:00,18:35:00,Cash,113.24,4.7619,5.662,8.2,evening,Thursday,March
234-36-2483,2019-02-15 0:00:00,13:51:00,Cash,345.54,4.7619,17.277,5.1,afternoon,Friday,February
316-66-3011,2019-01-23 0:00:00,12:35:00,Cash,428.67,4.7619,21.4335,5,afternoon,Wednesday,January
848-95-6252,2019-02-20 0:00:00,13:24:00,Ewallet,86.27,4.7619,4.3135,7,afternoon,Wednesday,February
840-76-5966,2019-01-08 0:00:00,18:06:00,Ewallet,25.52,4.7619,1.276,7.8,evening,Tuesday,January
152-03-4217,2019-03-17 0:00:00,11:55:00,Credit card,101.52,4.7619,5.076,4.3,morning,Sunday,March
533-66-5566,2019-01-12 0:00:00,11:42:00,Cash,357.49,4.7619,17.8745,7,morning,Saturday,January
124-31-1458,2019-01-08 0:00:00,14:30:00,Cash,238.77,4.7619,11.9385,6.6,afternoon,Tuesday,January
176-78-1170,2019-01-26 0:00:00,15:11:00,Ewallet,101.43,4.7619,5.0715,7.3,afternoon,Saturday,January
361-59-0574,2019-03-15 0:00:00,14:48:00,Credit card,724.24,4.7619,36.212,6.5,afternoon,Friday,March
101-81-4070,2019-01-17 0:00:00,12:36:00,Ewallet,125.64,4.7619,6.282,4.9,afternoon,Thursday,January
631-34-1880,2019-01-08 0:00:00,19:09:00,Credit card,72.93,4.7619,3.6465,4.3,evening,Tuesday,January
852-82-2749,2019-01-06 0:00:00,13:35:00,Ewallet,258.36,4.7619,12.918,9.3,afternoon,Sunday,January
873-14-6353,2019-02-16 0:00:00,10:33:00,Credit card,173.74,4.7619,8.687,7.1,morning,Saturday,February
584-66-4073,2019-03-13 0:00:00,15:45:00,Ewallet,56.5,4.7619,2.825,9.6,afternoon,Wednesday,March
544-55-9589,2019-01-28 0:00:00,11:51:00,Cash,214.3,4.7619,10.715,6.2,morning,Monday,January
166-19-2553,2019-01-18 0:00:00,17:26:00,Cash,534.36,4.7619,26.718,9.9,evening,Friday,January
737-88-5876,2019-03-19 0:00:00,11:52:00,Credit card,93.16,4.7619,4.658,5.9,morning,Tuesday,March
154-87-7367,2019-03-15 0:00:00,14:04:00,Ewallet,522.08,4.7619,26.104,6.3,afternoon,Friday,March
885-56-0389,2019-02-12 0:00:00,17:49:00,Cash,52.35,4.7619,2.6175,4,evening,Tuesday,February
608-05-3804,2019-02-25 0:00:00,20:19:00,Cash,39.75,4.7619,1.9875,6.1,evening,Monday,February
448-61-3783,2019-03-21 0:00:00,16:08:00,Credit card,720.16,4.7619,36.008,4.5,evening,Thursday,March
761-49-0439,2019-01-19 0:00:00,10:17:00,Ewallet,96.8,4.7619,4.84,8.6,morning,Saturday,January
490-95-0021,2019-01-08 0:00:00,14:25:00,Ewallet,332.1,4.7619,16.605,6,afternoon,Tuesday,January
115-38-7388,2019-03-30 0:00:00,12:51:00,Credit card,81.44,4.7619,4.072,9.5,afternoon,Saturday,March
311-13-6971,2019-02-20 0:00:00,15:18:00,Credit card,319.9,4.7619,15.995,9.9,afternoon,Wednesday,February
291-55-6563,2019-03-30 0:00:00,12:45:00,Ewallet,206.52,4.7619,10.326,7.5,afternoon,Saturday,March
548-48-3156,2019-03-19 0:00:00,13:37:00,Cash,166.68,4.7619,8.334,7.6,afternoon,Tuesday,March
460-93-5834,2019-01-13 0:00:00,10:03:00,Cash,319.06,4.7619,15.953,5,morning,Sunday,January
325-89-4209,2019-02-05 0:00:00,19:42:00,Ewallet,87.9,4.7619,4.395,6.7,evening,Tuesday,February
884-80-6021,2019-03-23 0:00:00,13:14:00,Ewallet,734.7,4.7619,36.735,9.5,afternoon,Saturday,March
137-74-8729,2019-03-13 0:00:00,12:47:00,Ewallet,97.52,4.7619,4.876,6.8,afternoon,Wednesday,March
880-46-5796,2019-03-17 0:00:00,19:53:00,Ewallet,769.2,4.7619,38.46,5.6,evening,Sunday,March
389-70-2397,2019-02-21 0:00:00,10:26:00,Cash,418.3,4.7619,20.915,7.2,morning,Thursday,February
114-35-5271,2019-02-07 0:00:00,15:06:00,Cash,463.28,4.7619,23.164,8.1,afternoon,Thursday,February
607-76-6216,2019-03-02 0:00:00,16:35:00,Credit card,462.45,4.7619,23.1225,8.6,evening,Saturday,March
715-20-1673,2019-03-06 0:00:00,20:57:00,Cash,141.9,4.7619,7.095,9.4,evening,Wednesday,March
811-35-1094,2019-02-06 0:00:00,15:16:00,Credit card,302.7,4.7619,15.135,8.9,afternoon,Wednesday,February
699-88-1972,2019-01-28 0:00:00,17:47:00,Credit card,793.28,4.7619,39.664,4.2,evening,Monday,January
781-84-8059,2019-01-18 0:00:00,16:23:00,Ewallet,425.18,4.7619,21.259,5,evening,Friday,January
409-49-6995,2019-02-05 0:00:00,10:17:00,Cash,283.62,4.7619,14.181,8.8,morning,Tuesday,February
725-54-0677,2019-03-02 0:00:00,13:50:00,Cash,599.2,4.7619,29.96,5.3,afternoon,Saturday,March
146-09-5432,2019-02-09 0:00:00,19:17:00,Ewallet,315.36,4.7619,15.768,4.6,evening,Saturday,February
377-79-7592,2019-01-14 0:00:00,14:00:00,Credit card,403.56,4.7619,20.178,7.5,afternoon,Monday,January
509-10-0516,2019-02-09 0:00:00,12:02:00,Ewallet,183.88,4.7619,9.194,5.1,afternoon,Saturday,February
595-94-9924,2019-03-26 0:00:00,20:21:00,Credit card,138.65,4.7619,6.9325,4.2,evening,Tuesday,March
865-41-9075,2019-01-28 0:00:00,17:35:00,Cash,80.71,4.7619,4.0355,8.1,evening,Monday,January
545-07-8534,2019-02-14 0:00:00,12:42:00,Ewallet,116.64,4.7619,5.832,6,afternoon,Thursday,February
118-62-1812,2019-03-24 0:00:00,17:56:00,Cash,313.52,4.7619,15.676,7.9,evening,Sunday,March
450-42-3339,2019-02-09 0:00:00,18:58:00,Credit card,846.1,4.7619,42.305,8.8,evening,Saturday,February
851-98-3555,2019-03-24 0:00:00,14:08:00,Credit card,414.4,4.7619,20.72,6.6,afternoon,Sunday,March
186-71-5196,2019-03-27 0:00:00,16:30:00,Ewallet,159.08,4.7619,7.954,6.2,evening,Wednesday,March
624-01-8356,2019-01-27 0:00:00,10:44:00,Credit card,490.1,4.7619,24.505,4.2,morning,Sunday,January
313-66-9943,2019-03-27 0:00:00,20:29:00,Credit card,87.45,4.7619,4.3725,7.3,evening,Wednesday,March
151-27-8496,2019-01-19 0:00:00,11:43:00,Ewallet,224.52,4.7619,11.226,8.6,morning,Saturday,January
453-33-6436,2019-02-07 0:00:00,10:09:00,Cash,744.96,4.7619,37.248,6.8,morning,Thursday,February
522-57-8364,2019-01-31 0:00:00,10:00:00,Ewallet,410.72,4.7619,20.536,7.6,morning,Thursday,January
459-45-2396,2019-02-25 0:00:00,18:45:00,Cash,298.8,4.7619,14.94,5.8,evening,Monday,February
717-96-4189,2019-02-02 0:00:00,12:40:00,Cash,212.94,4.7619,10.647,4.1,afternoon,Saturday,February
722-13-2115,2019-03-14 0:00:00,15:36:00,Credit card,42.85,4.7619,2.1425,9.3,afternoon,Thursday,March
749-81-8133,2019-03-11 0:00:00,12:04:00,Cash,378.68,4.7619,18.934,6.8,afternoon,Monday,March
777-67-2495,2019-02-22 0:00:00,11:26:00,Ewallet,206.91,4.7619,10.3455,8.7,morning,Friday,February
636-98-3364,2019-03-02 0:00:00,12:36:00,Ewallet,78.78,4.7619,3.939,6.3,afternoon,Saturday,March
246-55-6923,2019-03-10 0:00:00,15:06:00,Credit card,322.11,4.7619,16.1055,5.1,afternoon,Sunday,March
181-82-6255,2019-02-08 0:00:00,10:58:00,Cash,98.22,4.7619,4.911,7,morning,Friday,February
838-02-1821,2019-02-22 0:00:00,12:10:00,Credit card,25.46,4.7619,1.273,5.2,afternoon,Friday,February
887-42-0517,2019-01-10 0:00:00,10:31:00,Credit card,581.98,4.7619,29.099,6.6,morning,Thursday,January
457-12-0244,2019-03-14 0:00:00,13:49:00,Ewallet,211.32,4.7619,10.566,6.5,afternoon,Thursday,March
226-34-0034,2019-01-10 0:00:00,11:10:00,Ewallet,55.12,4.7619,2.756,9,morning,Thursday,January
321-49-7382,2019-02-15 0:00:00,17:38:00,Credit card,88.31,4.7619,4.4155,5.2,evening,Friday,February
397-25-8725,2019-01-13 0:00:00,17:54:00,Credit card,356.58,4.7619,17.829,6.8,evening,Sunday,January
431-66-2305,2019-02-15 0:00:00,20:51:00,Credit card,794.25,4.7619,39.7125,7.6,evening,Friday,February
825-94-5922,2019-03-02 0:00:00,19:26:00,Ewallet,50.62,4.7619,2.531,7.2,evening,Saturday,March
641-62-7288,2019-03-24 0:00:00,13:33:00,Ewallet,599.52,4.7619,29.976,7.1,afternoon,Sunday,March
756-93-1854,2019-02-02 0:00:00,14:05:00,Credit card,166.7,4.7619,8.335,9.5,afternoon,Saturday,February
243-55-8457,2019-02-27 0:00:00,11:40:00,Ewallet,744.4,4.7619,37.22,5.1,morning,Wednesday,February
458-10-8612,2019-01-20 0:00:00,12:27:00,Ewallet,448.56,4.7619,22.428,7.6,afternoon,Sunday,January
501-61-1753,2019-01-03 0:00:00,20:24:00,Ewallet,378.9,4.7619,18.945,9.8,evening,Thursday,January
235-06-8510,2019-01-24 0:00:00,20:59:00,Ewallet,257.16,4.7619,12.858,5.1,evening,Thursday,January
433-08-7822,2019-01-05 0:00:00,19:48:00,Ewallet,552.23,4.7619,27.6115,7.5,evening,Saturday,January
361-85-2571,2019-03-30 0:00:00,10:18:00,Cash,447.4,4.7619,22.37,7.4,morning,Saturday,March
131-70-8179,2019-02-17 0:00:00,16:27:00,Cash,276.27,4.7619,13.8135,4.2,evening,Sunday,February
500-02-2261,2019-03-21 0:00:00,17:04:00,Ewallet,343.74,4.7619,17.187,5.9,evening,Thursday,March
720-72-2436,2019-03-02 0:00:00,18:14:00,Ewallet,266.08,4.7619,13.304,6.9,evening,Saturday,March
702-83-5291,2019-03-27 0:00:00,10:43:00,Cash,898.38,4.7619,44.919,6.6,morning,Wednesday,March
809-69-9497,2019-01-19 0:00:00,19:30:00,Ewallet,456.8,4.7619,22.84,5.7,evening,Saturday,January
449-16-6770,2019-02-19 0:00:00,14:53:00,Credit card,253.95,4.7619,12.6975,5.3,afternoon,Tuesday,February
333-23-2632,2019-03-28 0:00:00,20:14:00,Cash,70.56,4.7619,3.528,4.2,evening,Thursday,March
489-82-1237,2019-01-05 0:00:00,11:51:00,Credit card,657.16,4.7619,32.858,7.3,morning,Saturday,January
859-97-6048,2019-03-26 0:00:00,14:13:00,Credit card,168.5,4.7619,8.425,5.3,afternoon,Tuesday,March
676-10-2200,2019-02-03 0:00:00,20:13:00,Ewallet,53.78,4.7619,2.689,4.7,evening,Sunday,February
373-88-1424,2019-02-06 0:00:00,18:44:00,Ewallet,179.05,4.7619,8.9525,7.9,evening,Wednesday,February
365-16-4334,2019-02-24 0:00:00,14:26:00,Ewallet,211.44,4.7619,10.572,8.9,afternoon,Sunday,February
503-21-4385,2019-02-21 0:00:00,12:40:00,Ewallet,119.73,4.7619,5.9865,9.3,afternoon,Thursday,February
305-89-2768,2019-01-09 0:00:00,18:43:00,Ewallet,65.7,4.7619,3.285,4.7,evening,Wednesday,January
574-80-1489,2019-02-25 0:00:00,13:22:00,Ewallet,251.4,4.7619,12.57,8.7,afternoon,Monday,February
784-08-0310,2019-01-13 0:00:00,13:58:00,Cash,84.16,4.7619,4.208,7.6,afternoon,Sunday,January
200-40-6154,2019-02-09 0:00:00,11:45:00,Cash,395.46,4.7619,19.773,5.7,morning,Saturday,February
846-10-0341,2019-01-06 0:00:00,11:51:00,Cash,297.99,4.7619,14.8995,6.8,morning,Sunday,January
577-34-7579,2019-01-10 0:00:00,17:16:00,Cash,454.41,4.7619,22.7205,5.4,evening,Thursday,January
430-02-3888,2019-02-07 0:00:00,15:55:00,Cash,276.12,4.7619,13.806,7.1,afternoon,Thursday,February
867-47-1948,2019-01-09 0:00:00,12:07:00,Cash,158,4.7619,7.9,7.8,afternoon,Wednesday,January
384-59-6655,2019-02-19 0:00:00,15:07:00,Cash,887.94,4.7619,44.397,8.4,afternoon,Tuesday,February
256-58-3609,2019-03-18 0:00:00,15:29:00,Cash,91.98,4.7619,4.599,9.8,afternoon,Monday,March
324-92-3863,2019-02-05 0:00:00,18:45:00,Cash,41.78,4.7619,2.089,9.8,evening,Tuesday,February
593-08-5916,2019-03-19 0:00:00,15:23:00,Credit card,15.5,4.7619,0.775,7.4,afternoon,Tuesday,March
364-34-2972,2019-03-30 0:00:00,20:37:00,Cash,290.46,4.7619,14.523,6.7,evening,Saturday,March
794-42-3736,2019-01-26 0:00:00,14:41:00,Credit card,66.66,4.7619,3.333,6.4,afternoon,Saturday,January
172-42-8274,2019-03-02 0:00:00,18:18:00,Credit card,76.54,4.7619,3.827,5.8,evening,Saturday,March
558-60-5016,2019-03-04 0:00:00,15:27:00,Ewallet,299.7,4.7619,14.985,7.2,afternoon,Monday,March
195-06-0432,2019-01-13 0:00:00,12:55:00,Credit card,243.03,4.7619,12.1515,9.3,afternoon,Sunday,January
605-03-2706,2019-03-25 0:00:00,18:02:00,Cash,47.4,4.7619,2.37,9.5,evening,Monday,March
214-30-2776,2019-03-11 0:00:00,19:44:00,Credit card,172.45,4.7619,8.6225,9,evening,Monday,March
746-04-1077,2019-01-01 0:00:00,11:36:00,Credit card,846.3,4.7619,42.315,9,morning,Tuesday,January
448-34-8700,2019-02-10 0:00:00,13:51:00,Ewallet,258.37,4.7619,12.9185,6.7,afternoon,Sunday,February
452-04-8808,2019-01-26 0:00:00,15:17:00,Cash,609.56,4.7619,30.478,5.5,afternoon,Saturday,January
531-56-4728,2019-02-11 0:00:00,15:29:00,Cash,240.24,4.7619,12.012,5.4,afternoon,Monday,February
744-82-9138,2019-02-07 0:00:00,17:59:00,Cash,172.26,4.7619,8.613,8.2,evening,Thursday,February
883-69-1285,2019-03-06 0:00:00,11:55:00,Credit card,99.84,4.7619,4.992,7,morning,Wednesday,March
221-25-5073,2019-03-04 0:00:00,10:39:00,Cash,298.64,4.7619,14.932,8.5,morning,Monday,March
518-71-6847,2019-02-26 0:00:00,15:10:00,Ewallet,159.6,4.7619,7.98,4.9,afternoon,Tuesday,February
156-20-0370,2019-03-10 0:00:00,18:10:00,Credit card,25.45,4.7619,1.2725,5.1,evening,Sunday,March
151-33-7434,2019-02-04 0:00:00,20:43:00,Credit card,67.77,4.7619,3.3885,6.5,evening,Monday,February
728-47-9078,2019-01-19 0:00:00,12:46:00,Cash,238.36,4.7619,11.918,9.8,afternoon,Saturday,January
809-46-1866,2019-01-23 0:00:00,17:44:00,Cash,232.6,4.7619,11.63,8.4,evening,Wednesday,January
139-32-4183,2019-03-14 0:00:00,14:19:00,Ewallet,877.32,4.7619,43.866,7.4,afternoon,Thursday,March
148-41-7930,2019-01-23 0:00:00,10:33:00,Cash,699.72,4.7619,34.986,6.1,morning,Wednesday,January
189-40-5216,2019-01-09 0:00:00,11:40:00,Cash,674.59,4.7619,33.7295,6,morning,Wednesday,January
374-38-5555,2019-02-07 0:00:00,19:30:00,Ewallet,318.55,4.7619,15.9275,8.5,evening,Thursday,February
764-44-8999,2019-02-18 0:00:00,14:42:00,Ewallet,29.52,4.7619,1.476,4.3,afternoon,Monday,February
552-44-5977,2019-01-03 0:00:00,19:08:00,Credit card,496,4.7619,24.8,6.2,evening,Thursday,January
267-62-7380,2019-03-29 0:00:00,19:12:00,Ewallet,823.4,4.7619,41.17,4.3,evening,Friday,March
430-53-4718,2019-01-28 0:00:00,15:46:00,Credit card,602.96,4.7619,30.148,8.4,afternoon,Monday,January
886-18-2897,2019-03-22 0:00:00,19:06:00,Credit card,282.8,4.7619,14.14,4.5,evening,Friday,March
602-16-6955,2019-01-24 0:00:00,18:10:00,Ewallet,766,4.7619,38.3,6,evening,Thursday,January
745-74-0715,2019-03-10 0:00:00,20:46:00,Ewallet,116.06,4.7619,5.803,8.8,evening,Sunday,March
690-01-6631,2019-02-22 0:00:00,18:35:00,Ewallet,174.9,4.7619,8.745,6.6,evening,Friday,February
652-49-6720,2019-02-18 0:00:00,11:40:00,Ewallet,60.95,4.7619,3.0475,5.9,morning,Monday,February
233-67-5758,2019-01-29 0:00:00,13:46:00,Ewallet,40.35,4.7619,2.0175,6.2,afternoon,Tuesday,January
303-96-2227,2019-03-02 0:00:00,17:16:00,Ewallet,973.8,4.7619,48.69,4.4,evening,Saturday,March
727-02-1313,2019-02-09 0:00:00,13:22:00,Cash,31.84,4.7619,1.592,7.7,afternoon,Saturday,February
347-56-2442,2019-02-22 0:00:00,15:33:00,Cash,65.82,4.7619,3.291,4.1,afternoon,Friday,February
849-09-3807,2019-02-18 0:00:00,13:28:00,Cash,618.38,4.7619,30.919,6.6,afternoon,Monday,February